dataset,column,dtype,missing,missing_rate,unique,min,max,median,zeros,negative,multiple_dot_tokens
DataSheet4_A Universal Screening Tool for Dyslexia by a Web-Game and Machine Learning.CSV,age,int64,0,0.0,6,7.0,12.0,10.0,0.0,0.0,
DataSheet4_A Universal Screening Tool for Dyslexia by a Web-Game and Machine Learning.CSV,gender,int64,0,0.0,2,1.0,2.0,2.0,0.0,0.0,
DataSheet4_A Universal Screening Tool for Dyslexia by a Web-Game and Machine Learning.CSV,diagnosed,int64,0,0.0,2,0.0,2.0,0.0,197.0,0.0,
DataSheet4_A Universal Screening Tool for Dyslexia by a Web-Game and Machine Learning.CSV,mothertongue,int64,0,0.0,3,0.0,2.0,2.0,21.0,0.0,
DataSheet4_A Universal Screening Tool for Dyslexia by a Web-Game and Machine Learning.CSV,instrument,int64,0,0.0,3,0.0,2.0,0.0,185.0,0.0,
DataSheet4_A Universal Screening Tool for Dyslexia by a Web-Game and Machine Learning.CSV,memory,int64,0,0.0,5,1.0,5.0,4.0,0.0,0.0,
DataSheet4_A Universal Screening Tool for Dyslexia by a Web-Game and Machine Learning.CSV,db_radiodifficult_mus,int64,0,0.0,6,1.0,6.0,5.0,0.0,0.0,
DataSheet4_A Universal Screening Tool for Dyslexia by a Web-Game and Machine Learning.CSV,db_radiodifficult_vis,int64,0,0.0,6,1.0,6.0,5.0,0.0,0.0,
DataSheet4_A Universal Screening Tool for Dyslexia by a Web-Game and Machine Learning.CSV,lang_music,int64,0,0.0,3,1.0,3.0,2.0,0.0,0.0,
DataSheet4_A Universal Screening Tool for Dyslexia by a Web-Game and Machine Learning.CSV,mus_1_hashcode,object,0,0.0,311,,,,,,0.0
DataSheet4_A Universal Screening Tool for Dyslexia by a Web-Game and Machine Learning.CSV,id,int64,0,0.0,311,40.0,791.0,378.0,0.0,0.0,
DataSheet4_A Universal Screening Tool for Dyslexia by a Web-Game and Machine Learning.CSV,db_browser,int64,0,0.0,2,1.0,2.0,1.0,0.0,0.0,
DataSheet4_A Universal Screening Tool for Dyslexia by a Web-Game and Machine Learning.CSV,mus_1_averageclicktime_1_4,float64,0,0.0,310,1461.0,8616.9,2539.0,0.0,0.0,
DataSheet4_A Universal Screening Tool for Dyslexia by a Web-Game and Machine Learning.CSV,mus_1_averageclicktime_1_6,float64,0,0.0,311,1636.0,19313.44444,2574.5,0.0,0.0,
DataSheet4_A Universal Screening Tool for Dyslexia by a Web-Game and Machine Learning.CSV,mus_1_averageclicktime_2_4,float64,0,0.0,309,1391.333333,10323.66667,2722.75,0.0,0.0,
DataSheet4_A Universal Screening Tool for Dyslexia by a Web-Game and Machine Learning.CSV,mus_1_averageclicktime_2_6,float64,0,0.0,310,1547.625,52093.07143,2499.857143,0.0,0.0,
DataSheet4_A Universal Screening Tool for Dyslexia by a Web-Game and Machine Learning.CSV,mus_1_averageclicktime_3_4,float64,0,0.0,310,1259.333333,10972.1,2406.75,0.0,0.0,
DataSheet4_A Universal Screening Tool for Dyslexia by a Web-Game and Machine Learning.CSV,mus_1_averageclicktime_3_6,float64,0,0.0,311,1537.875,7073.333333,2481.125,0.0,0.0,
DataSheet4_A Universal Screening Tool for Dyslexia by a Web-Game and Machine Learning.CSV,mus_1_averageclicktime_4_4,float64,0,0.0,308,1479.333333,12730.75,2567.166667,0.0,0.0,
DataSheet4_A Universal Screening Tool for Dyslexia by a Web-Game and Machine Learning.CSV,mus_1_averageclicktime_4_6,float64,0,0.0,311,1408.625,7138.041667,2503.416667,0.0,0.0,
DataSheet4_A Universal Screening Tool for Dyslexia by a Web-Game and Machine Learning.CSV,mus_1_duration_1_4,int64,0,0.0,52,7.0,156.0,16.0,0.0,0.0,
DataSheet4_A Universal Screening Tool for Dyslexia by a Web-Game and Machine Learning.CSV,mus_1_duration_1_6,int64,0,0.0,76,12.0,297.0,33.0,0.0,0.0,
DataSheet4_A Universal Screening Tool for Dyslexia by a Web-Game and Machine Learning.CSV,mus_1_duration_2_4,int64,0,0.0,44,7.0,278.0,14.0,0.0,0.0,
DataSheet4_A Universal Screening Tool for Dyslexia by a Web-Game and Machine Learning.CSV,mus_1_duration_2_6,int64,0,0.0,66,11.0,1323.0,28.0,0.0,0.0,
DataSheet4_A Universal Screening Tool for Dyslexia by a Web-Game and Machine Learning.CSV,mus_1_duration_3_4,int64,0,0.0,46,6.0,115.0,14.0,0.0,0.0,
DataSheet4_A Universal Screening Tool for Dyslexia by a Web-Game and Machine Learning.CSV,mus_1_duration_3_6,int64,0,0.0,74,10.0,156.0,33.0,0.0,0.0,
DataSheet4_A Universal Screening Tool for Dyslexia by a Web-Game and Machine Learning.CSV,mus_1_duration_4_4,int64,0,0.0,46,7.0,108.0,15.0,0.0,0.0,
DataSheet4_A Universal Screening Tool for Dyslexia by a Web-Game and Machine Learning.CSV,mus_1_duration_4_6,int64,0,0.0,63,10.0,157.0,29.0,0.0,0.0,
DataSheet4_A Universal Screening Tool for Dyslexia by a Web-Game and Machine Learning.CSV,mus_1_firstclick_1_4,int64,0,0.0,302,794.0,28813.0,2675.0,0.0,0.0,
DataSheet4_A Universal Screening Tool for Dyslexia by a Web-Game and Machine Learning.CSV,mus_1_firstclick_1_6,int64,0,0.0,301,673.0,20215.0,2172.0,0.0,0.0,
DataSheet4_A Universal Screening Tool for Dyslexia by a Web-Game and Machine Learning.CSV,mus_1_firstclick_2_4,int64,0,0.0,305,806.0,48253.0,2952.0,0.0,0.0,
DataSheet4_A Universal Screening Tool for Dyslexia by a Web-Game and Machine Learning.CSV,mus_1_firstclick_2_6,int64,0,0.0,289,795.0,16223.0,1988.0,0.0,0.0,
DataSheet4_A Universal Screening Tool for Dyslexia by a Web-Game and Machine Learning.CSV,mus_1_firstclick_3_4,int64,0,0.0,299,716.0,53754.0,2394.0,0.0,0.0,
DataSheet4_A Universal Screening Tool for Dyslexia by a Web-Game and Machine Learning.CSV,mus_1_firstclick_3_6,int64,0,0.0,292,596.0,17179.0,1930.0,0.0,0.0,
DataSheet4_A Universal Screening Tool for Dyslexia by a Web-Game and Machine Learning.CSV,mus_1_firstclick_4_4,int64,0,0.0,300,703.0,35939.0,2457.0,0.0,0.0,
DataSheet4_A Universal Screening Tool for Dyslexia by a Web-Game and Machine Learning.CSV,mus_1_firstclick_4_6,int64,0,0.0,306,693.0,21980.0,2076.0,0.0,0.0,
DataSheet4_A Universal Screening Tool for Dyslexia by a Web-Game and Machine Learning.CSV,mus_1_instrucplayed_1_4,int64,0,0.0,4,0.0,3.0,0.0,296.0,0.0,
DataSheet4_A Universal Screening Tool for Dyslexia by a Web-Game and Machine Learning.CSV,mus_1_instrucplayed_1_6,int64,0,0.0,2,0.0,1.0,0.0,307.0,0.0,
DataSheet4_A Universal Screening Tool for Dyslexia by a Web-Game and Machine Learning.CSV,mus_1_instrucplayed_2_4,int64,0,0.0,3,0.0,2.0,0.0,300.0,0.0,
DataSheet4_A Universal Screening Tool for Dyslexia by a Web-Game and Machine Learning.CSV,mus_1_instrucplayed_2_6,int64,0,0.0,3,0.0,4.0,0.0,306.0,0.0,
DataSheet4_A Universal Screening Tool for Dyslexia by a Web-Game and Machine Learning.CSV,mus_1_instrucplayed_3_4,int64,0,0.0,2,0.0,1.0,0.0,303.0,0.0,
DataSheet4_A Universal Screening Tool for Dyslexia by a Web-Game and Machine Learning.CSV,mus_1_instrucplayed_3_6,int64,0,0.0,4,0.0,4.0,0.0,308.0,0.0,
DataSheet4_A Universal Screening Tool for Dyslexia by a Web-Game and Machine Learning.CSV,mus_1_instrucplayed_4_4,int64,0,0.0,3,0.0,2.0,0.0,303.0,0.0,
DataSheet4_A Universal Screening Tool for Dyslexia by a Web-Game and Machine Learning.CSV,mus_1_instrucplayed_4_6,int64,0,0.0,4,0.0,4.0,0.0,307.0,0.0,
DataSheet4_A Universal Screening Tool for Dyslexia by a Web-Game and Machine Learning.CSV,mus_1_logic_1_4,int64,0,0.0,2,0.0,1.0,1.0,57.0,0.0,
DataSheet4_A Universal Screening Tool for Dyslexia by a Web-Game and Machine Learning.CSV,mus_1_logic_1_6,int64,0,0.0,2,0.0,1.0,1.0,50.0,0.0,
DataSheet4_A Universal Screening Tool for Dyslexia by a Web-Game and Machine Learning.CSV,mus_1_logic_2_4,int64,0,0.0,2,0.0,1.0,1.0,65.0,0.0,
DataSheet4_A Universal Screening Tool for Dyslexia by a Web-Game and Machine Learning.CSV,mus_1_logic_2_6,int64,0,0.0,2,0.0,1.0,1.0,42.0,0.0,
DataSheet4_A Universal Screening Tool for Dyslexia by a Web-Game and Machine Learning.CSV,mus_1_logic_3_4,int64,0,0.0,2,0.0,1.0,1.0,76.0,0.0,
DataSheet4_A Universal Screening Tool for Dyslexia by a Web-Game and Machine Learning.CSV,mus_1_logic_3_6,int64,0,0.0,2,0.0,1.0,1.0,53.0,0.0,
DataSheet4_A Universal Screening Tool for Dyslexia by a Web-Game and Machine Learning.CSV,mus_1_logic_4_4,int64,0,0.0,2,0.0,1.0,1.0,87.0,0.0,
DataSheet4_A Universal Screening Tool for Dyslexia by a Web-Game and Machine Learning.CSV,mus_1_logic_4_6,int64,0,0.0,2,0.0,1.0,1.0,55.0,0.0,
DataSheet4_A Universal Screening Tool for Dyslexia by a Web-Game and Machine Learning.CSV,mus_1_precis_duration_1_4,int64,0,0.0,310,8766.0,168455.0,19146.0,0.0,0.0,
DataSheet4_A Universal Screening Tool for Dyslexia by a Web-Game and Machine Learning.CSV,mus_1_precis_duration_1_6,int64,0,0.0,310,13510.0,347642.0,36829.0,0.0,0.0,
DataSheet4_A Universal Screening Tool for Dyslexia by a Web-Game and Machine Learning.CSV,mus_1_precis_duration_2_4,int64,0,0.0,310,8348.0,281357.0,18098.0,0.0,0.0,
DataSheet4_A Universal Screening Tool for Dyslexia by a Web-Game and Machine Learning.CSV,mus_1_precis_duration_2_6,int64,0,0.0,310,12381.0,1458606.0,31306.0,0.0,0.0,
DataSheet4_A Universal Screening Tool for Dyslexia by a Web-Game and Machine Learning.CSV,mus_1_precis_duration_3_4,int64,0,0.0,309,7556.0,121131.0,17905.0,0.0,0.0,
DataSheet4_A Universal Screening Tool for Dyslexia by a Web-Game and Machine Learning.CSV,mus_1_precis_duration_3_6,int64,0,0.0,311,12303.0,159983.0,36023.0,0.0,0.0,
DataSheet4_A Universal Screening Tool for Dyslexia by a Web-Game and Machine Learning.CSV,mus_1_precis_duration_4_4,int64,0,0.0,307,8876.0,121034.0,18957.0,0.0,0.0,
DataSheet4_A Universal Screening Tool for Dyslexia by a Web-Game and Machine Learning.CSV,mus_1_precis_duration_4_6,int64,0,0.0,311,11269.0,171313.0,31545.0,0.0,0.0,
DataSheet4_A Universal Screening Tool for Dyslexia by a Web-Game and Machine Learning.CSV,mus_1_round_number_1_4,int64,0,0.0,4,1.0,7.0,3.0,0.0,0.0,
DataSheet4_A Universal Screening Tool for Dyslexia by a Web-Game and Machine Learning.CSV,mus_1_round_number_1_6,int64,0,0.0,4,2.0,8.0,4.0,0.0,0.0,
DataSheet4_A Universal Screening Tool for Dyslexia by a Web-Game and Machine Learning.CSV,mus_1_round_number_2_4,int64,0,0.0,4,1.0,7.0,3.0,0.0,0.0,
DataSheet4_A Universal Screening Tool for Dyslexia by a Web-Game and Machine Learning.CSV,mus_1_round_number_2_6,int64,0,0.0,4,2.0,8.0,4.0,0.0,0.0,
DataSheet4_A Universal Screening Tool for Dyslexia by a Web-Game and Machine Learning.CSV,mus_1_round_number_3_4,int64,0,0.0,4,1.0,7.0,5.0,0.0,0.0,
DataSheet4_A Universal Screening Tool for Dyslexia by a Web-Game and Machine Learning.CSV,mus_1_round_number_3_6,int64,0,0.0,4,2.0,8.0,6.0,0.0,0.0,
DataSheet4_A Universal Screening Tool for Dyslexia by a Web-Game and Machine Learning.CSV,mus_1_round_number_4_4,int64,0,0.0,4,1.0,7.0,5.0,0.0,0.0,
DataSheet4_A Universal Screening Tool for Dyslexia by a Web-Game and Machine Learning.CSV,mus_1_round_number_4_6,int64,0,0.0,4,2.0,8.0,6.0,0.0,0.0,
DataSheet4_A Universal Screening Tool for Dyslexia by a Web-Game and Machine Learning.CSV,mus_1_time_fifthclick_1_4,int64,0,0.0,298,744.0,18252.0,3494.0,0.0,0.0,
DataSheet4_A Universal Screening Tool for Dyslexia by a Web-Game and Machine Learning.CSV,mus_1_time_fifthclick_1_6,int64,0,0.0,284,1147.0,7800.0,3575.0,0.0,0.0,
DataSheet4_A Universal Screening Tool for Dyslexia by a Web-Game and Machine Learning.CSV,mus_1_time_fifthclick_2_4,int64,0,0.0,298,528.0,32384.0,3360.0,0.0,0.0,
DataSheet4_A Universal Screening Tool for Dyslexia by a Web-Game and Machine Learning.CSV,mus_1_time_fifthclick_2_6,int64,0,0.0,287,984.0,9197.0,3493.0,0.0,0.0,
DataSheet4_A Universal Screening Tool for Dyslexia by a Web-Game and Machine Learning.CSV,mus_1_time_fifthclick_3_4,int64,0,0.0,301,675.0,10159.0,3319.0,0.0,0.0,
DataSheet4_A Universal Screening Tool for Dyslexia by a Web-Game and Machine Learning.CSV,mus_1_time_fifthclick_3_6,int64,0,0.0,281,876.0,8755.0,3554.0,0.0,0.0,
DataSheet4_A Universal Screening Tool for Dyslexia by a Web-Game and Machine Learning.CSV,mus_1_time_fifthclick_4_4,int64,0,0.0,289,781.0,15813.0,3470.0,0.0,0.0,
DataSheet4_A Universal Screening Tool for Dyslexia by a Web-Game and Machine Learning.CSV,mus_1_time_fifthclick_4_6,int64,0,0.0,286,872.0,10455.0,3454.0,0.0,0.0,
DataSheet4_A Universal Screening Tool for Dyslexia by a Web-Game and Machine Learning.CSV,mus_1_time_fourthclick_1_4,int64,0,0.0,284,456.0,6928.0,1651.0,0.0,0.0,
DataSheet4_A Universal Screening Tool for Dyslexia by a Web-Game and Machine Learning.CSV,mus_1_time_fourthclick_1_6,int64,0,0.0,291,492.0,296424.0,1839.0,0.0,0.0,
DataSheet4_A Universal Screening Tool for Dyslexia by a Web-Game and Machine Learning.CSV,mus_1_time_fourthclick_2_4,int64,0,0.0,286,603.0,6509.0,1593.0,0.0,0.0,
DataSheet4_A Universal Screening Tool for Dyslexia by a Web-Game and Machine Learning.CSV,mus_1_time_fourthclick_2_6,int64,0,0.0,277,639.0,19152.0,1784.0,0.0,0.0,
DataSheet4_A Universal Screening Tool for Dyslexia by a Web-Game and Machine Learning.CSV,mus_1_time_fourthclick_3_4,int64,0,0.0,287,409.0,11500.0,1607.0,0.0,0.0,
DataSheet4_A Universal Screening Tool for Dyslexia by a Web-Game and Machine Learning.CSV,mus_1_time_fourthclick_3_6,int64,0,0.0,289,503.0,9407.0,1659.0,0.0,0.0,
DataSheet4_A Universal Screening Tool for Dyslexia by a Web-Game and Machine Learning.CSV,mus_1_time_fourthclick_4_4,int64,0,0.0,286,505.0,9925.0,1575.0,0.0,0.0,
DataSheet4_A Universal Screening Tool for Dyslexia by a Web-Game and Machine Learning.CSV,mus_1_time_fourthclick_4_6,int64,0,0.0,285,472.0,5567.0,1599.0,0.0,0.0,
DataSheet4_A Universal Screening Tool for Dyslexia by a Web-Game and Machine Learning.CSV,mus_1_time_secondclick_1_4,int64,0,0.0,292,632.0,9485.0,1815.0,0.0,0.0,
DataSheet4_A Universal Screening Tool for Dyslexia by a Web-Game and Machine Learning.CSV,mus_1_time_secondclick_1_6,int64,0,0.0,284,663.0,8143.0,1823.0,0.0,0.0,
DataSheet4_A Universal Screening Tool for Dyslexia by a Web-Game and Machine Learning.CSV,mus_1_time_secondclick_2_4,int64,0,0.0,293,664.0,9159.0,2019.0,0.0,0.0,
DataSheet4_A Universal Screening Tool for Dyslexia by a Web-Game and Machine Learning.CSV,mus_1_time_secondclick_2_6,int64,0,0.0,285,570.0,9886.0,1835.0,0.0,0.0,
DataSheet4_A Universal Screening Tool for Dyslexia by a Web-Game and Machine Learning.CSV,mus_1_time_secondclick_3_4,int64,0,0.0,294,520.0,18930.0,1839.0,0.0,0.0,
DataSheet4_A Universal Screening Tool for Dyslexia by a Web-Game and Machine Learning.CSV,mus_1_time_secondclick_3_6,int64,0,0.0,289,464.0,7929.0,1784.0,0.0,0.0,
DataSheet4_A Universal Screening Tool for Dyslexia by a Web-Game and Machine Learning.CSV,mus_1_time_secondclick_4_4,int64,0,0.0,296,506.0,42777.0,1936.0,0.0,0.0,
DataSheet4_A Universal Screening Tool for Dyslexia by a Web-Game and Machine Learning.CSV,mus_1_time_secondclick_4_6,int64,0,0.0,289,450.0,78820.0,1750.0,0.0,0.0,
DataSheet4_A Universal Screening Tool for Dyslexia by a Web-Game and Machine Learning.CSV,mus_1_time_sixclick_1_4,int64,0,0.0,283,473.0,10545.0,1377.0,0.0,0.0,
DataSheet4_A Universal Screening Tool for Dyslexia by a Web-Game and Machine Learning.CSV,mus_1_time_sixclick_1_6,int64,0,0.0,290,590.0,19074.0,1688.0,0.0,0.0,
DataSheet4_A Universal Screening Tool for Dyslexia by a Web-Game and Machine Learning.CSV,mus_1_time_sixclick_2_4,int64,0,0.0,279,563.0,6455.0,1382.0,0.0,0.0,
DataSheet4_A Universal Screening Tool for Dyslexia by a Web-Game and Machine Learning.CSV,mus_1_time_sixclick_2_6,int64,0,0.0,291,694.0,6887.0,1801.0,0.0,0.0,
DataSheet4_A Universal Screening Tool for Dyslexia by a Web-Game and Machine Learning.CSV,mus_1_time_sixclick_3_4,int64,0,0.0,279,463.0,12035.0,1286.0,0.0,0.0,
DataSheet4_A Universal Screening Tool for Dyslexia by a Web-Game and Machine Learning.CSV,mus_1_time_sixclick_3_6,int64,0,0.0,295,481.0,6784.0,1619.0,0.0,0.0,
DataSheet4_A Universal Screening Tool for Dyslexia by a Web-Game and Machine Learning.CSV,mus_1_time_sixclick_4_4,int64,0,0.0,287,377.0,9734.0,1350.0,0.0,0.0,
DataSheet4_A Universal Screening Tool for Dyslexia by a Web-Game and Machine Learning.CSV,mus_1_time_sixclick_4_6,int64,0,0.0,284,463.0,17883.0,1560.0,0.0,0.0,
DataSheet4_A Universal Screening Tool for Dyslexia by a Web-Game and Machine Learning.CSV,mus_1_time_thirdclick_1_4,int64,0,0.0,281,3008.0,16805.0,3657.0,0.0,0.0,
DataSheet4_A Universal Screening Tool for Dyslexia by a Web-Game and Machine Learning.CSV,mus_1_time_thirdclick_1_6,int64,0,0.0,273,3010.0,10352.0,3580.0,0.0,0.0,
DataSheet4_A Universal Screening Tool for Dyslexia by a Web-Game and Machine Learning.CSV,mus_1_time_thirdclick_2_4,int64,0,0.0,281,3008.0,10335.0,3682.0,0.0,0.0,
DataSheet4_A Universal Screening Tool for Dyslexia by a Web-Game and Machine Learning.CSV,mus_1_time_thirdclick_2_6,int64,0,0.0,265,3017.0,12657.0,3575.0,0.0,0.0,
DataSheet4_A Universal Screening Tool for Dyslexia by a Web-Game and Machine Learning.CSV,mus_1_time_thirdclick_3_4,int64,0,0.0,272,3004.0,15133.0,3567.0,0.0,0.0,
DataSheet4_A Universal Screening Tool for Dyslexia by a Web-Game and Machine Learning.CSV,mus_1_time_thirdclick_3_6,int64,0,0.0,271,3021.0,9328.0,3598.0,0.0,0.0,
DataSheet4_A Universal Screening Tool for Dyslexia by a Web-Game and Machine Learning.CSV,mus_1_time_thirdclick_4_4,int64,0,0.0,282,3008.0,19569.0,3679.0,0.0,0.0,
DataSheet4_A Universal Screening Tool for Dyslexia by a Web-Game and Machine Learning.CSV,mus_1_time_thirdclick_4_6,int64,0,0.0,274,3004.0,21244.0,3582.0,0.0,0.0,
DataSheet4_A Universal Screening Tool for Dyslexia by a Web-Game and Machine Learning.CSV,mus_1_totalclicks_1_4,int64,0,0.0,11,6.0,28.0,8.0,0.0,0.0,
DataSheet4_A Universal Screening Tool for Dyslexia by a Web-Game and Machine Learning.CSV,mus_1_totalclicks_1_6,int64,0,0.0,19,8.0,62.0,14.0,0.0,0.0,
DataSheet4_A Universal Screening Tool for Dyslexia by a Web-Game and Machine Learning.CSV,mus_1_totalclicks_2_4,int64,0,0.0,12,6.0,66.0,6.0,0.0,0.0,
DataSheet4_A Universal Screening Tool for Dyslexia by a Web-Game and Machine Learning.CSV,mus_1_totalclicks_2_6,int64,0,0.0,13,8.0,32.0,12.0,0.0,0.0,
DataSheet4_A Universal Screening Tool for Dyslexia by a Web-Game and Machine Learning.CSV,mus_1_totalclicks_3_4,int64,0,0.0,10,6.0,40.0,6.0,0.0,0.0,
DataSheet4_A Universal Screening Tool for Dyslexia by a Web-Game and Machine Learning.CSV,mus_1_totalclicks_3_6,int64,0,0.0,18,8.0,54.0,14.0,0.0,0.0,
DataSheet4_A Universal Screening Tool for Dyslexia by a Web-Game and Machine Learning.CSV,mus_1_totalclicks_4_4,int64,0,0.0,9,6.0,32.0,8.0,0.0,0.0,
DataSheet4_A Universal Screening Tool for Dyslexia by a Web-Game and Machine Learning.CSV,mus_1_totalclicks_4_6,int64,0,0.0,15,8.0,38.0,12.0,0.0,0.0,
DataSheet4_A Universal Screening Tool for Dyslexia by a Web-Game and Machine Learning.CSV,vis_1_accuarcy_1_4,float64,0,0.0,40,0.0,1.0,0.857142857,6.0,0.0,
DataSheet4_A Universal Screening Tool for Dyslexia by a Web-Game and Machine Learning.CSV,vis_1_accuarcy_1_9,float64,0,0.0,31,0.0,1.0,1.0,8.0,0.0,
DataSheet4_A Universal Screening Tool for Dyslexia by a Web-Game and Machine Learning.CSV,vis_1_accuarcy_2_4,float64,0,0.0,35,0.0,1.0,0.833333333,25.0,0.0,
DataSheet4_A Universal Screening Tool for Dyslexia by a Web-Game and Machine Learning.CSV,vis_1_accuarcy_2_9,float64,0,0.0,27,0.0,1.0,1.0,13.0,0.0,
DataSheet4_A Universal Screening Tool for Dyslexia by a Web-Game and Machine Learning.CSV,vis_1_accuarcy_3_4,float64,0,0.0,39,0.0,1.0,1.0,7.0,0.0,
DataSheet4_A Universal Screening Tool for Dyslexia by a Web-Game and Machine Learning.CSV,vis_1_accuarcy_3_9,float64,0,0.0,31,0.0,1.0,1.0,4.0,0.0,
DataSheet4_A Universal Screening Tool for Dyslexia by a Web-Game and Machine Learning.CSV,vis_1_accuarcy_4_4,float64,0,0.0,38,0.0,1.0,1.0,8.0,0.0,
DataSheet4_A Universal Screening Tool for Dyslexia by a Web-Game and Machine Learning.CSV,vis_1_accuarcy_4_9,float64,0,0.0,31,0.0,1.0,1.0,7.0,0.0,
DataSheet4_A Universal Screening Tool for Dyslexia by a Web-Game and Machine Learning.CSV,vis_1_efficiency_1_4,float64,0,0.0,305,1189.083333,14788.0,2423.166667,0.0,0.0,
DataSheet4_A Universal Screening Tool for Dyslexia by a Web-Game and Machine Learning.CSV,vis_1_efficiency_1_9,float64,0,0.0,301,1318.545455,14948.0,2610.6,0.0,0.0,
DataSheet4_A Universal Screening Tool for Dyslexia by a Web-Game and Machine Learning.CSV,vis_1_efficiency_2_4,float64,0,0.0,285,1123.0,14942.0,2449.5,0.0,0.0,
DataSheet4_A Universal Screening Tool for Dyslexia by a Web-Game and Machine Learning.CSV,vis_1_efficiency_2_9,float64,0,0.0,297,1134.307692,14903.0,2727.4,0.0,0.0,
DataSheet4_A Universal Screening Tool for Dyslexia by a Web-Game and Machine Learning.CSV,vis_1_efficiency_3_4,float64,0,0.0,303,975.0666667,14642.0,1842.5,0.0,0.0,
DataSheet4_A Universal Screening Tool for Dyslexia by a Web-Game and Machine Learning.CSV,vis_1_efficiency_3_9,float64,0,0.0,306,1042.166667,13950.0,2275.333333,0.0,0.0,
DataSheet4_A Universal Screening Tool for Dyslexia by a Web-Game and Machine Learning.CSV,vis_1_efficiency_4_4,float64,0,0.0,302,867.0588235,14946.0,1833.375,0.0,0.0,
DataSheet4_A Universal Screening Tool for Dyslexia by a Web-Game and Machine Learning.CSV,vis_1_efficiency_4_9,float64,0,0.0,301,999.8571429,14795.0,2154.0,0.0,0.0,
DataSheet4_A Universal Screening Tool for Dyslexia by a Web-Game and Machine Learning.CSV,vis_1_firstclick_1_4,int64,0,0.0,301,367.0,13210.0,2160.0,0.0,0.0,
DataSheet4_A Universal Screening Tool for Dyslexia by a Web-Game and Machine Learning.CSV,vis_1_firstclick_1_9,int64,0,0.0,297,0.0,9042.0,2191.0,2.0,0.0,
DataSheet4_A Universal Screening Tool for Dyslexia by a Web-Game and Machine Learning.CSV,vis_1_firstclick_2_4,int64,0,0.0,295,0.0,14539.0,2178.0,2.0,0.0,
DataSheet4_A Universal Screening Tool for Dyslexia by a Web-Game and Machine Learning.CSV,vis_1_firstclick_2_9,int64,0,0.0,299,904.0,13655.0,2418.0,0.0,0.0,
DataSheet4_A Universal Screening Tool for Dyslexia by a Web-Game and Machine Learning.CSV,vis_1_firstclick_3_4,int64,0,0.0,284,256.0,9018.0,1854.0,0.0,0.0,
DataSheet4_A Universal Screening Tool for Dyslexia by a Web-Game and Machine Learning.CSV,vis_1_firstclick_3_9,int64,0,0.0,293,423.0,10979.0,2238.0,0.0,0.0,
DataSheet4_A Universal Screening Tool for Dyslexia by a Web-Game and Machine Learning.CSV,vis_1_firstclick_4_4,int64,0,0.0,292,70.0,13676.0,1763.0,0.0,0.0,
DataSheet4_A Universal Screening Tool for Dyslexia by a Web-Game and Machine Learning.CSV,vis_1_firstclick_4_9,int64,0,0.0,297,467.0,10131.0,2043.0,0.0,0.0,
DataSheet4_A Universal Screening Tool for Dyslexia by a Web-Game and Machine Learning.CSV,vis_1_hits_1_4,int64,0,0.0,13,0.0,12.0,6.0,6.0,0.0,
DataSheet4_A Universal Screening Tool for Dyslexia by a Web-Game and Machine Learning.CSV,vis_1_hits_1_9,int64,0,0.0,12,0.0,11.0,5.0,8.0,0.0,
DataSheet4_A Universal Screening Tool for Dyslexia by a Web-Game and Machine Learning.CSV,vis_1_hits_2_4,int64,0,0.0,14,0.0,13.0,5.0,25.0,0.0,
DataSheet4_A Universal Screening Tool for Dyslexia by a Web-Game and Machine Learning.CSV,vis_1_hits_2_9,int64,0,0.0,13,0.0,13.0,5.0,13.0,0.0,
DataSheet4_A Universal Screening Tool for Dyslexia by a Web-Game and Machine Learning.CSV,vis_1_hits_3_4,int64,0,0.0,16,0.0,15.0,7.0,7.0,0.0,
DataSheet4_A Universal Screening Tool for Dyslexia by a Web-Game and Machine Learning.CSV,vis_1_hits_3_9,int64,0,0.0,13,0.0,12.0,6.0,4.0,0.0,
DataSheet4_A Universal Screening Tool for Dyslexia by a Web-Game and Machine Learning.CSV,vis_1_hits_4_4,int64,0,0.0,16,0.0,17.0,8.0,8.0,0.0,
DataSheet4_A Universal Screening Tool for Dyslexia by a Web-Game and Machine Learning.CSV,vis_1_hits_4_9,int64,0,0.0,15,0.0,14.0,6.0,7.0,0.0,
DataSheet4_A Universal Screening Tool for Dyslexia by a Web-Game and Machine Learning.CSV,vis_1_latin_1_4,int64,0,0.0,4,1.0,4.0,2.0,0.0,0.0,
DataSheet4_A Universal Screening Tool for Dyslexia by a Web-Game and Machine Learning.CSV,vis_1_latin_1_9,int64,0,0.0,4,1.0,4.0,2.0,0.0,0.0,
DataSheet4_A Universal Screening Tool for Dyslexia by a Web-Game and Machine Learning.CSV,vis_1_latin_2_4,int64,0,0.0,4,1.0,4.0,2.0,0.0,0.0,
DataSheet4_A Universal Screening Tool for Dyslexia by a Web-Game and Machine Learning.CSV,vis_1_latin_2_9,int64,0,0.0,4,1.0,4.0,2.0,0.0,0.0,
DataSheet4_A Universal Screening Tool for Dyslexia by a Web-Game and Machine Learning.CSV,vis_1_latin_3_4,int64,0,0.0,4,1.0,4.0,2.0,0.0,0.0,
DataSheet4_A Universal Screening Tool for Dyslexia by a Web-Game and Machine Learning.CSV,vis_1_latin_3_9,int64,0,0.0,4,1.0,4.0,2.0,0.0,0.0,
DataSheet4_A Universal Screening Tool for Dyslexia by a Web-Game and Machine Learning.CSV,vis_1_latin_4_4,int64,0,0.0,4,1.0,4.0,2.0,0.0,0.0,
DataSheet4_A Universal Screening Tool for Dyslexia by a Web-Game and Machine Learning.CSV,vis_1_latin_4_9,int64,0,0.0,4,1.0,4.0,2.0,0.0,0.0,
DataSheet4_A Universal Screening Tool for Dyslexia by a Web-Game and Machine Learning.CSV,vis_1_miss_1_4,int64,0,0.0,13,0.0,22.0,1.0,112.0,0.0,
DataSheet4_A Universal Screening Tool for Dyslexia by a Web-Game and Machine Learning.CSV,vis_1_miss_1_9,int64,0,0.0,14,0.0,19.0,0.0,159.0,0.0,
DataSheet4_A Universal Screening Tool for Dyslexia by a Web-Game and Machine Learning.CSV,vis_1_miss_2_4,int64,0,0.0,14,0.0,24.0,1.0,127.0,0.0,
DataSheet4_A Universal Screening Tool for Dyslexia by a Web-Game and Machine Learning.CSV,vis_1_miss_2_9,int64,0,0.0,12,0.0,29.0,0.0,185.0,0.0,
DataSheet4_A Universal Screening Tool for Dyslexia by a Web-Game and Machine Learning.CSV,vis_1_miss_3_4,int64,0,0.0,15,0.0,21.0,0.0,182.0,0.0,
DataSheet4_A Universal Screening Tool for Dyslexia by a Web-Game and Machine Learning.CSV,vis_1_miss_3_9,int64,0,0.0,12,0.0,33.0,0.0,213.0,0.0,
DataSheet4_A Universal Screening Tool for Dyslexia by a Web-Game and Machine Learning.CSV,vis_1_miss_4_4,int64,0,0.0,12,0.0,18.0,0.0,159.0,0.0,
DataSheet4_A Universal Screening Tool for Dyslexia by a Web-Game and Machine Learning.CSV,vis_1_miss_4_9,int64,0,0.0,15,0.0,35.0,0.0,197.0,0.0,
DataSheet4_A Universal Screening Tool for Dyslexia by a Web-Game and Machine Learning.CSV,vis_1_out_1_4,int64,0,0.0,53,0.0,156.0,36.0,6.0,0.0,
DataSheet4_A Universal Screening Tool for Dyslexia by a Web-Game and Machine Learning.CSV,vis_1_out_1_9,int64,0,0.0,42,0.0,290.0,30.0,8.0,0.0,
DataSheet4_A Universal Screening Tool for Dyslexia by a Web-Game and Machine Learning.CSV,vis_1_out_2_4,int64,0,0.0,50,0.0,180.0,28.0,25.0,0.0,
DataSheet4_A Universal Screening Tool for Dyslexia by a Web-Game and Machine Learning.CSV,vis_1_out_2_9,int64,0,0.0,37,0.0,546.0,25.0,13.0,0.0,
DataSheet4_A Universal Screening Tool for Dyslexia by a Web-Game and Machine Learning.CSV,vis_1_out_3_4,int64,0,0.0,53,0.0,225.0,64.0,7.0,0.0,
DataSheet4_A Universal Screening Tool for Dyslexia by a Web-Game and Machine Learning.CSV,vis_1_out_3_9,int64,0,0.0,44,0.0,328.0,36.0,4.0,0.0,
DataSheet4_A Universal Screening Tool for Dyslexia by a Web-Game and Machine Learning.CSV,vis_1_out_4_4,int64,0,0.0,58,0.0,306.0,64.0,8.0,0.0,
DataSheet4_A Universal Screening Tool for Dyslexia by a Web-Game and Machine Learning.CSV,vis_1_out_4_9,int64,0,0.0,45,0.0,624.0,42.0,7.0,0.0,
DataSheet4_A Universal Screening Tool for Dyslexia by a Web-Game and Machine Learning.CSV,vis_1_round_number_1_4,int64,0,0.0,4,1.0,7.0,3.0,0.0,0.0,
DataSheet4_A Universal Screening Tool for Dyslexia by a Web-Game and Machine Learning.CSV,vis_1_round_number_1_9,int64,0,0.0,4,2.0,8.0,4.0,0.0,0.0,
DataSheet4_A Universal Screening Tool for Dyslexia by a Web-Game and Machine Learning.CSV,vis_1_round_number_2_4,int64,0,0.0,4,1.0,7.0,3.0,0.0,0.0,
DataSheet4_A Universal Screening Tool for Dyslexia by a Web-Game and Machine Learning.CSV,vis_1_round_number_2_9,int64,0,0.0,4,2.0,8.0,4.0,0.0,0.0,
DataSheet4_A Universal Screening Tool for Dyslexia by a Web-Game and Machine Learning.CSV,vis_1_round_number_3_4,int64,0,0.0,4,1.0,7.0,5.0,0.0,0.0,
DataSheet4_A Universal Screening Tool for Dyslexia by a Web-Game and Machine Learning.CSV,vis_1_round_number_3_9,int64,0,0.0,4,2.0,8.0,6.0,0.0,0.0,
DataSheet4_A Universal Screening Tool for Dyslexia by a Web-Game and Machine Learning.CSV,vis_1_round_number_4_4,int64,0,0.0,4,1.0,7.0,5.0,0.0,0.0,
DataSheet4_A Universal Screening Tool for Dyslexia by a Web-Game and Machine Learning.CSV,vis_1_round_number_4_9,int64,0,0.0,4,2.0,8.0,6.0,0.0,0.0,
DataSheet4_A Universal Screening Tool for Dyslexia by a Web-Game and Machine Learning.CSV,vis_1_time_fifthclick_1_4,int64,0,0.0,253,0.0,5075.0,1648.0,40.0,0.0,
DataSheet4_A Universal Screening Tool for Dyslexia by a Web-Game and Machine Learning.CSV,vis_1_time_fifthclick_1_9,int64,0,0.0,236,0.0,7657.0,1631.0,69.0,0.0,
DataSheet4_A Universal Screening Tool for Dyslexia by a Web-Game and Machine Learning.CSV,vis_1_time_fifthclick_2_4,int64,0,0.0,233,0.0,5283.0,1519.0,62.0,0.0,
DataSheet4_A Universal Screening Tool for Dyslexia by a Web-Game and Machine Learning.CSV,vis_1_time_fifthclick_2_9,int64,0,0.0,211,0.0,7016.0,1592.0,89.0,0.0,
DataSheet4_A Universal Screening Tool for Dyslexia by a Web-Game and Machine Learning.CSV,vis_1_time_fifthclick_3_4,int64,0,0.0,260,0.0,5247.0,1511.0,26.0,0.0,
DataSheet4_A Universal Screening Tool for Dyslexia by a Web-Game and Machine Learning.CSV,vis_1_time_fifthclick_3_9,int64,0,0.0,260,0.0,7264.0,1718.0,37.0,0.0,
DataSheet4_A Universal Screening Tool for Dyslexia by a Web-Game and Machine Learning.CSV,vis_1_time_fifthclick_4_4,int64,0,0.0,265,0.0,4802.0,1430.0,27.0,0.0,
DataSheet4_A Universal Screening Tool for Dyslexia by a Web-Game and Machine Learning.CSV,vis_1_time_fifthclick_4_9,int64,0,0.0,257,0.0,6352.0,1587.0,41.0,0.0,
DataSheet4_A Universal Screening Tool for Dyslexia by a Web-Game and Machine Learning.CSV,vis_1_time_fourthclick_1_4,int64,0,0.0,273,0.0,6478.0,1728.0,21.0,0.0,
DataSheet4_A Universal Screening Tool for Dyslexia by a Web-Game and Machine Learning.CSV,vis_1_time_fourthclick_1_9,int64,0,0.0,268,0.0,6839.0,2071.0,32.0,0.0,
DataSheet4_A Universal Screening Tool for Dyslexia by a Web-Game and Machine Learning.CSV,vis_1_time_fourthclick_2_4,int64,0,0.0,268,0.0,7301.0,1653.0,32.0,0.0,
DataSheet4_A Universal Screening Tool for Dyslexia by a Web-Game and Machine Learning.CSV,vis_1_time_fourthclick_2_9,int64,0,0.0,254,0.0,6562.0,1898.0,50.0,0.0,
DataSheet4_A Universal Screening Tool for Dyslexia by a Web-Game and Machine Learning.CSV,vis_1_time_fourthclick_3_4,int64,0,0.0,275,0.0,6383.0,1582.0,11.0,0.0,
DataSheet4_A Universal Screening Tool for Dyslexia by a Web-Game and Machine Learning.CSV,vis_1_time_fourthclick_3_9,int64,0,0.0,276,0.0,6884.0,1887.0,14.0,0.0,
DataSheet4_A Universal Screening Tool for Dyslexia by a Web-Game and Machine Learning.CSV,vis_1_time_fourthclick_4_4,int64,0,0.0,274,0.0,6499.0,1431.0,17.0,0.0,
DataSheet4_A Universal Screening Tool for Dyslexia by a Web-Game and Machine Learning.CSV,vis_1_time_fourthclick_4_9,int64,0,0.0,283,0.0,8454.0,1848.0,14.0,0.0,
DataSheet4_A Universal Screening Tool for Dyslexia by a Web-Game and Machine Learning.CSV,vis_1_time_secondclick_1_4,int64,0,0.0,297,0.0,11676.0,1921.0,1.0,0.0,
DataSheet4_A Universal Screening Tool for Dyslexia by a Web-Game and Machine Learning.CSV,vis_1_time_secondclick_1_9,int64,0,0.0,293,0.0,9339.0,2080.0,4.0,0.0,
DataSheet4_A Universal Screening Tool for Dyslexia by a Web-Game and Machine Learning.CSV,vis_1_time_secondclick_2_4,int64,0,0.0,289,0.0,8427.0,2044.0,5.0,0.0,
DataSheet4_A Universal Screening Tool for Dyslexia by a Web-Game and Machine Learning.CSV,vis_1_time_secondclick_2_9,int64,0,0.0,291,0.0,11884.0,2209.0,5.0,0.0,
DataSheet4_A Universal Screening Tool for Dyslexia by a Web-Game and Machine Learning.CSV,vis_1_time_secondclick_3_4,int64,0,0.0,294,0.0,9465.0,1789.0,1.0,0.0,
DataSheet4_A Universal Screening Tool for Dyslexia by a Web-Game and Machine Learning.CSV,vis_1_time_secondclick_3_9,int64,0,0.0,294,0.0,9081.0,1840.0,1.0,0.0,
DataSheet4_A Universal Screening Tool for Dyslexia by a Web-Game and Machine Learning.CSV,vis_1_time_secondclick_4_4,int64,0,0.0,286,0.0,9675.0,1667.0,1.0,0.0,
DataSheet4_A Universal Screening Tool for Dyslexia by a Web-Game and Machine Learning.CSV,vis_1_time_secondclick_4_9,int64,0,0.0,290,0.0,9870.0,1809.0,1.0,0.0,
DataSheet4_A Universal Screening Tool for Dyslexia by a Web-Game and Machine Learning.CSV,vis_1_time_sixclick_1_4,int64,0,0.0,217,0.0,4393.0,1392.0,81.0,0.0,
DataSheet4_A Universal Screening Tool for Dyslexia by a Web-Game and Machine Learning.CSV,vis_1_time_sixclick_1_9,int64,0,0.0,190,0.0,4684.0,1223.0,118.0,0.0,
DataSheet4_A Universal Screening Tool for Dyslexia by a Web-Game and Machine Learning.CSV,vis_1_time_sixclick_2_4,int64,0,0.0,197,0.0,4617.0,1182.0,105.0,0.0,
DataSheet4_A Universal Screening Tool for Dyslexia by a Web-Game and Machine Learning.CSV,vis_1_time_sixclick_2_9,int64,0,0.0,153,0.0,5472.0,535.0,151.0,0.0,
DataSheet4_A Universal Screening Tool for Dyslexia by a Web-Game and Machine Learning.CSV,vis_1_time_sixclick_3_4,int64,0,0.0,234,0.0,4148.0,1276.0,56.0,0.0,
DataSheet4_A Universal Screening Tool for Dyslexia by a Web-Game and Machine Learning.CSV,vis_1_time_sixclick_3_9,int64,0,0.0,214,0.0,5067.0,1335.0,86.0,0.0,
DataSheet4_A Universal Screening Tool for Dyslexia by a Web-Game and Machine Learning.CSV,vis_1_time_sixclick_4_4,int64,0,0.0,241,0.0,4420.0,1398.0,45.0,0.0,
DataSheet4_A Universal Screening Tool for Dyslexia by a Web-Game and Machine Learning.CSV,vis_1_time_sixclick_4_9,int64,0,0.0,226,0.0,6741.0,1437.0,72.0,0.0,
DataSheet4_A Universal Screening Tool for Dyslexia by a Web-Game and Machine Learning.CSV,vis_1_time_thirdclick_1_4,int64,0,0.0,286,0.0,5682.0,1851.0,9.0,0.0,
DataSheet4_A Universal Screening Tool for Dyslexia by a Web-Game and Machine Learning.CSV,vis_1_time_thirdclick_1_9,int64,0,0.0,294,0.0,9742.0,2104.0,9.0,0.0,
DataSheet4_A Universal Screening Tool for Dyslexia by a Web-Game and Machine Learning.CSV,vis_1_time_thirdclick_2_4,int64,0,0.0,279,0.0,11037.0,1861.0,16.0,0.0,
DataSheet4_A Universal Screening Tool for Dyslexia by a Web-Game and Machine Learning.CSV,vis_1_time_thirdclick_2_9,int64,0,0.0,273,0.0,7813.0,2059.0,23.0,0.0,
DataSheet4_A Universal Screening Tool for Dyslexia by a Web-Game and Machine Learning.CSV,vis_1_time_thirdclick_3_4,int64,0,0.0,289,0.0,7574.0,1704.0,4.0,0.0,
DataSheet4_A Universal Screening Tool for Dyslexia by a Web-Game and Machine Learning.CSV,vis_1_time_thirdclick_3_9,int64,0,0.0,289,0.0,7419.0,1958.0,3.0,0.0,
DataSheet4_A Universal Screening Tool for Dyslexia by a Web-Game and Machine Learning.CSV,vis_1_time_thirdclick_4_4,int64,0,0.0,281,0.0,8654.0,1527.0,7.0,0.0,
DataSheet4_A Universal Screening Tool for Dyslexia by a Web-Game and Machine Learning.CSV,vis_1_time_thirdclick_4_9,int64,0,0.0,292,0.0,8357.0,1829.0,2.0,0.0,
DataSheet4_A Universal Screening Tool for Dyslexia by a Web-Game and Machine Learning.CSV,vis_1_timelastclick_1_4,int64,0,0.0,298,6479.0,17376.0,14015.0,0.0,0.0,
DataSheet4_A Universal Screening Tool for Dyslexia by a Web-Game and Machine Learning.CSV,vis_1_timelastclick_1_9,int64,0,0.0,297,0.0,15032.0,13967.0,2.0,0.0,
DataSheet4_A Universal Screening Tool for Dyslexia by a Web-Game and Machine Learning.CSV,vis_1_timelastclick_2_4,int64,0,0.0,296,0.0,24634.0,13971.0,2.0,0.0,
DataSheet4_A Universal Screening Tool for Dyslexia by a Web-Game and Machine Learning.CSV,vis_1_timelastclick_2_9,int64,0,0.0,303,4636.0,18951.0,13783.0,0.0,0.0,
DataSheet4_A Universal Screening Tool for Dyslexia by a Web-Game and Machine Learning.CSV,vis_1_timelastclick_3_4,int64,0,0.0,295,8688.0,15890.0,14062.0,0.0,0.0,
DataSheet4_A Universal Screening Tool for Dyslexia by a Web-Game and Machine Learning.CSV,vis_1_timelastclick_3_9,int64,0,0.0,302,3050.0,15827.0,14076.0,0.0,0.0,
DataSheet4_A Universal Screening Tool for Dyslexia by a Web-Game and Machine Learning.CSV,vis_1_timelastclick_4_4,int64,0,0.0,289,4584.0,15510.0,14244.0,0.0,0.0,
DataSheet4_A Universal Screening Tool for Dyslexia by a Web-Game and Machine Learning.CSV,vis_1_timelastclick_4_9,int64,0,0.0,293,4921.0,16118.0,14107.0,0.0,0.0,
DataSheet4_A Universal Screening Tool for Dyslexia by a Web-Game and Machine Learning.CSV,vis_1_totalclicks_1_4,int64,0,0.0,16,1.0,26.0,7.0,0.0,0.0,
DataSheet4_A Universal Screening Tool for Dyslexia by a Web-Game and Machine Learning.CSV,vis_1_totalclicks_1_9,int64,0,0.0,17,0.0,29.0,6.0,2.0,0.0,
DataSheet4_A Universal Screening Tool for Dyslexia by a Web-Game and Machine Learning.CSV,vis_1_totalclicks_2_4,int64,0,0.0,18,0.0,30.0,7.0,2.0,0.0,
DataSheet4_A Universal Screening Tool for Dyslexia by a Web-Game and Machine Learning.CSV,vis_1_totalclicks_2_9,int64,0,0.0,13,1.0,42.0,6.0,0.0,0.0,
DataSheet4_A Universal Screening Tool for Dyslexia by a Web-Game and Machine Learning.CSV,vis_1_totalclicks_3_4,int64,0,0.0,18,1.0,25.0,8.0,0.0,0.0,
DataSheet4_A Universal Screening Tool for Dyslexia by a Web-Game and Machine Learning.CSV,vis_1_totalclicks_3_9,int64,0,0.0,15,1.0,41.0,7.0,0.0,0.0,
DataSheet4_A Universal Screening Tool for Dyslexia by a Web-Game and Machine Learning.CSV,vis_1_totalclicks_4_4,int64,0,0.0,17,1.0,24.0,8.0,0.0,0.0,
DataSheet4_A Universal Screening Tool for Dyslexia by a Web-Game and Machine Learning.CSV,vis_1_totalclicks_4_9,int64,0,0.0,16,1.0,48.0,7.0,0.0,0.0,
Dyt-desktop.csv,Gender,object,0,0.0,2,,,,,,0.0
Dyt-desktop.csv,Nativelang,object,0,0.0,2,,,,,,0.0
Dyt-desktop.csv,Otherlang,object,0,0.0,2,,,,,,0.0
Dyt-desktop.csv,Age,int64,0,0.0,11,7.0,17.0,10.0,0.0,0.0,
Dyt-desktop.csv,Clicks1,int64,0,0.0,35,0.0,84.0,5.0,143.0,0.0,
Dyt-desktop.csv,Hits1,int64,0,0.0,20,0.0,19.0,1.0,956.0,0.0,
Dyt-desktop.csv,Misses1,int64,0,0.0,13,0.0,18.0,0.0,2040.0,0.0,
Dyt-desktop.csv,Score1,int64,0,0.0,20,0.0,19.0,1.0,956.0,0.0,
Dyt-desktop.csv,Accuracy1,float64,0,0.0,61,0.0,875.0,0.5,956.0,0.0,
Dyt-desktop.csv,Missrate1,float64,0,0.0,70,0.0,625.0,0.0,2040.0,0.0,
Dyt-desktop.csv,Clicks2,int64,0,0.0,41,0.0,104.0,9.0,60.0,0.0,
Dyt-desktop.csv,Hits2,int64,0,0.0,18,0.0,17.0,4.0,377.0,0.0,
Dyt-desktop.csv,Misses2,int64,0,0.0,21,0.0,21.0,0.0,2320.0,0.0,
Dyt-desktop.csv,Score2,int64,0,0.0,21,0.0,32.0,4.0,377.0,0.0,
Dyt-desktop.csv,Accuracy2,float64,0,0.0,104,0.0,875.0,0.5,377.0,0.0,
Dyt-desktop.csv,Missrate2,float64,0,0.0,104,0.0,875.0,0.0,2320.0,0.0,
Dyt-desktop.csv,Clicks3,int64,0,0.0,43,0.0,56.0,8.0,67.0,0.0,
Dyt-desktop.csv,Hits3,int64,0,0.0,16,0.0,15.0,3.0,477.0,0.0,
Dyt-desktop.csv,Misses3,int64,0,0.0,19,0.0,32.0,0.0,2284.0,0.0,
Dyt-desktop.csv,Score3,int64,0,0.0,17,0.0,18.0,4.0,477.0,0.0,
Dyt-desktop.csv,Accuracy3,float64,0,0.0,111,0.0,875.0,0.69,477.0,0.0,
Dyt-desktop.csv,Missrate3,float64,0,0.0,111,0.0,875.0,0.0,2284.0,0.0,
Dyt-desktop.csv,Clicks4,int64,0,0.0,38,0.0,88.0,5.0,48.0,0.0,
Dyt-desktop.csv,Hits4,int64,0,0.0,25,0.0,73.0,3.0,364.0,0.0,
Dyt-desktop.csv,Misses4,int64,0,0.0,25,0.0,35.0,1.0,1537.0,0.0,
Dyt-desktop.csv,Score4,int64,0,0.0,38,0.0,73.0,3.0,364.0,0.0,
Dyt-desktop.csv,Accuracy4,float64,0,0.0,112,0.0,875.0,0.8,364.0,0.0,
Dyt-desktop.csv,Missrate4,float64,0,0.0,112,0.0,875.0,0.25,1537.0,0.0,
Dyt-desktop.csv,Clicks5,int64,0,0.0,62,0.0,159.0,5.0,55.0,0.0,
Dyt-desktop.csv,Hits5,int64,0,0.0,23,0.0,32.0,4.0,261.0,0.0,
Dyt-desktop.csv,Misses5,int64,0,0.0,57,0.0,127.0,0.0,2105.0,0.0,
Dyt-desktop.csv,Score5,int64,0,0.0,24,0.0,32.0,4.0,261.0,0.0,
Dyt-desktop.csv,Accuracy5,float64,0,0.0,98,0.0,875.0,1.0,261.0,0.0,
Dyt-desktop.csv,Missrate5,float64,0,0.0,98,0.0,875.0,0.0,2105.0,0.0,
Dyt-desktop.csv,Clicks6,int64,0,0.0,35,0.0,108.0,5.0,52.0,0.0,
Dyt-desktop.csv,Hits6,int64,0,0.0,20,0.0,43.0,4.0,365.0,0.0,
Dyt-desktop.csv,Misses6,int64,0,0.0,30,0.0,65.0,0.0,1925.0,0.0,
Dyt-desktop.csv,Score6,int64,0,0.0,23,0.0,43.0,4.0,365.0,0.0,
Dyt-desktop.csv,Accuracy6,float64,0,0.0,91,0.0,875.0,1.0,365.0,0.0,
Dyt-desktop.csv,Missrate6,float64,0,0.0,90,0.0,875.0,0.0,1925.0,0.0,
Dyt-desktop.csv,Clicks7,int64,0,0.0,27,0.0,76.0,6.0,178.0,0.0,
Dyt-desktop.csv,Hits7,int64,0,0.0,21,0.0,21.0,5.0,285.0,0.0,
Dyt-desktop.csv,Misses7,int64,0,0.0,19,0.0,60.0,0.0,2415.0,0.0,
Dyt-desktop.csv,Score7,int64,0,0.0,22,0.0,28.0,5.0,285.0,0.0,
Dyt-desktop.csv,Accuracy7,float64,0,0.0,68,0.0,875.0,1.0,285.0,0.0,
Dyt-desktop.csv,Missrate7,float64,0,0.0,68,0.0,625.0,0.0,2415.0,0.0,
Dyt-desktop.csv,Clicks8,int64,0,0.0,42,0.0,79.0,5.0,35.0,0.0,
Dyt-desktop.csv,Hits8,int64,0,0.0,14,0.0,13.0,4.0,187.0,0.0,
Dyt-desktop.csv,Misses8,int64,0,0.0,38,0.0,70.0,0.0,2128.0,0.0,
Dyt-desktop.csv,Score8,int64,0,0.0,14,0.0,13.0,4.0,187.0,0.0,
Dyt-desktop.csv,Accuracy8,float64,0,0.0,82,0.0,875.0,1.0,187.0,0.0,
Dyt-desktop.csv,Missrate8,float64,0,0.0,82,0.0,875.0,0.0,2128.0,0.0,
Dyt-desktop.csv,Clicks9,int64,0,0.0,30,0.0,88.0,4.0,130.0,0.0,
Dyt-desktop.csv,Hits9,int64,0,0.0,14,0.0,13.0,3.0,404.0,0.0,
Dyt-desktop.csv,Misses9,int64,0,0.0,30,0.0,84.0,0.0,2314.0,0.0,
Dyt-desktop.csv,Score9,int64,0,0.0,16,0.0,18.0,3.0,404.0,0.0,
Dyt-desktop.csv,Accuracy9,float64,0,0.0,62,0.0,875.0,1.0,404.0,0.0,
Dyt-desktop.csv,Missrate9,float64,0,0.0,62,0.0,875.0,0.0,2314.0,0.0,
Dyt-desktop.csv,Clicks10,int64,0,0.0,27,0.0,38.0,7.0,60.0,0.0,
Dyt-desktop.csv,Hits10,int64,0,0.0,18,0.0,17.0,7.0,323.0,0.0,
Dyt-desktop.csv,Misses10,int64,0,0.0,23,0.0,31.0,0.0,2752.0,0.0,
Dyt-desktop.csv,Score10,int64,0,0.0,21,0.0,24.0,7.0,323.0,0.0,
Dyt-desktop.csv,Accuracy10,float64,0,0.0,75,0.0,875.0,1.0,323.0,0.0,
Dyt-desktop.csv,Missrate10,float64,0,0.0,74,0.0,875.0,0.0,2752.0,0.0,
Dyt-desktop.csv,Clicks11,int64,0,0.0,32,0.0,57.0,5.0,58.0,0.0,
Dyt-desktop.csv,Hits11,int64,0,0.0,13,0.0,12.0,4.0,322.0,0.0,
Dyt-desktop.csv,Misses11,int64,0,0.0,31,0.0,50.0,0.0,2332.0,0.0,
Dyt-desktop.csv,Score11,int64,0,0.0,17,0.0,18.0,4.0,322.0,0.0,
Dyt-desktop.csv,Accuracy11,float64,0,0.0,68,0.0,875.0,1.0,322.0,0.0,
Dyt-desktop.csv,Missrate11,float64,0,0.0,67,0.0,875.0,0.0,2332.0,0.0,
Dyt-desktop.csv,Clicks12,int64,0,0.0,41,0.0,116.0,4.0,187.0,0.0,
Dyt-desktop.csv,Hits12,int64,0,0.0,14,0.0,13.0,3.0,342.0,0.0,
Dyt-desktop.csv,Misses12,int64,0,0.0,37,0.0,103.0,0.0,3005.0,0.0,
Dyt-desktop.csv,Score12,int64,0,0.0,15,0.0,16.0,3.0,342.0,0.0,
Dyt-desktop.csv,Accuracy12,float64,0,0.0,70,0.0,875.0,1.0,342.0,0.0,
Dyt-desktop.csv,Missrate12,float64,0,0.0,70,0.0,875.0,0.0,3005.0,0.0,
Dyt-desktop.csv,Clicks13,int64,0,0.0,32,0.0,109.0,4.0,143.0,0.0,
Dyt-desktop.csv,Hits13,int64,0,0.0,13,0.0,12.0,3.0,279.0,0.0,
Dyt-desktop.csv,Misses13,int64,0,0.0,30,0.0,107.0,0.0,3001.0,0.0,
Dyt-desktop.csv,Score13,int64,0,0.0,13,0.0,12.0,3.0,279.0,0.0,
Dyt-desktop.csv,Accuracy13,float64,0,0.0,54,0.0,875.0,1.0,279.0,0.0,
Dyt-desktop.csv,Missrate13,float64,0,0.0,54,0.0,975.0,0.0,3001.0,0.0,
Dyt-desktop.csv,Clicks14,int64,0,0.0,39,0.0,106.0,5.0,84.0,0.0,
Dyt-desktop.csv,Hits14,int64,0,0.0,16,0.0,22.0,4.0,287.0,0.0,
Dyt-desktop.csv,Misses14,int64,0,0.0,35,0.0,84.0,0.0,2250.0,0.0,
Dyt-desktop.csv,Score14,int64,0,0.0,17,0.0,22.0,4.0,287.0,0.0,
Dyt-desktop.csv,Accuracy14,float64,0,0.0,80,0.0,875.0,1.0,287.0,0.0,
Dyt-desktop.csv,Missrate14,float64,0,0.0,80,0.0,875.0,0.0,2250.0,0.0,
Dyt-desktop.csv,Clicks15,int64,0,0.0,32,0.0,84.0,4.0,141.0,0.0,
Dyt-desktop.csv,Hits15,int64,0,0.0,17,0.0,16.0,4.0,307.0,0.0,
Dyt-desktop.csv,Misses15,int64,0,0.0,29,0.0,75.0,0.0,3027.0,0.0,
Dyt-desktop.csv,Score15,int64,0,0.0,22,0.0,28.0,4.0,307.0,0.0,
Dyt-desktop.csv,Accuracy15,float64,0,0.0,57,0.0,875.0,1.0,307.0,0.0,
Dyt-desktop.csv,Missrate15,float64,0,0.0,57,0.0,875.0,0.0,3027.0,0.0,
Dyt-desktop.csv,Clicks16,int64,0,0.0,34,0.0,61.0,4.0,121.0,0.0,
Dyt-desktop.csv,Hits16,int64,0,0.0,12,0.0,12.0,3.0,339.0,0.0,
Dyt-desktop.csv,Misses16,int64,0,0.0,30,0.0,59.0,0.0,2239.0,0.0,
Dyt-desktop.csv,Score16,int64,0,0.0,12,0.0,12.0,3.0,339.0,0.0,
Dyt-desktop.csv,Accuracy16,float64,0,0.0,61,0.0,875.0,1.0,339.0,0.0,
Dyt-desktop.csv,Missrate16,float64,0,0.0,61,0.0,875.0,0.0,2239.0,0.0,
Dyt-desktop.csv,Clicks17,int64,0,0.0,38,0.0,91.0,4.0,133.0,0.0,
Dyt-desktop.csv,Hits17,int64,0,0.0,13,0.0,14.0,3.0,266.0,0.0,
Dyt-desktop.csv,Misses17,int64,0,0.0,34,0.0,84.0,0.0,2831.0,0.0,
Dyt-desktop.csv,Score17,int64,0,0.0,14,0.0,14.0,3.0,266.0,0.0,
Dyt-desktop.csv,Accuracy17,float64,0,0.0,56,0.0,875.0,1.0,266.0,0.0,
Dyt-desktop.csv,Missrate17,float64,0,0.0,56,0.0,875.0,0.0,2831.0,0.0,
Dyt-desktop.csv,Clicks18,int64,0,0.0,33,0.0,74.0,4.0,106.0,0.0,
Dyt-desktop.csv,Hits18,int64,0,0.0,11,0.0,10.0,3.0,365.0,0.0,
Dyt-desktop.csv,Misses18,int64,0,0.0,34,0.0,70.0,0.0,2071.0,0.0,
Dyt-desktop.csv,Score18,int64,0,0.0,11,0.0,10.0,3.0,365.0,0.0,
Dyt-desktop.csv,Accuracy18,float64,0,0.0,64,0.0,875.0,1.0,365.0,0.0,
Dyt-desktop.csv,Missrate18,float64,0,0.0,64,0.0,975.0,0.0,2071.0,0.0,
Dyt-desktop.csv,Clicks19,int64,0,0.0,49,0.0,106.0,5.0,32.0,0.0,
Dyt-desktop.csv,Hits19,int64,0,0.0,17,0.0,18.0,3.0,324.0,0.0,
Dyt-desktop.csv,Misses19,int64,0,0.0,46,0.0,94.0,2.0,685.0,0.0,
Dyt-desktop.csv,Score19,int64,0,0.0,18,0.0,24.0,3.0,324.0,0.0,
Dyt-desktop.csv,Accuracy19,float64,0,0.0,102,0.0,875.0,0.666667,324.0,0.0,
Dyt-desktop.csv,Missrate19,float64,0,0.0,102,0.0,875.0,0.333333,685.0,0.0,
Dyt-desktop.csv,Clicks20,int64,0,0.0,54,0.0,195.0,5.0,40.0,0.0,
Dyt-desktop.csv,Hits20,int64,0,0.0,23,0.0,30.0,2.0,626.0,0.0,
Dyt-desktop.csv,Misses20,int64,0,0.0,48,0.0,167.0,2.0,570.0,0.0,
Dyt-desktop.csv,Score20,int64,0,0.0,23,0.0,30.0,2.0,626.0,0.0,
Dyt-desktop.csv,Accuracy20,float64,0,0.0,120,0.0,875.0,0.5,626.0,0.0,
Dyt-desktop.csv,Missrate20,float64,0,0.0,119,0.0,875.0,0.5,570.0,0.0,
Dyt-desktop.csv,Clicks21,int64,0,0.0,49,0.0,98.0,4.0,71.0,0.0,
Dyt-desktop.csv,Hits21,int64,0,0.0,13,0.0,13.0,1.0,945.0,0.0,
Dyt-desktop.csv,Misses21,int64,0,0.0,45,0.0,89.0,1.0,1285.0,0.0,
Dyt-desktop.csv,Score21,int64,0,0.0,14,0.0,13.0,1.0,945.0,0.0,
Dyt-desktop.csv,Accuracy21,float64,0,0.0,90,0.0,625.0,0.5,945.0,0.0,
Dyt-desktop.csv,Missrate21,float64,0,0.0,90,0.0,875.0,0.5,1285.0,0.0,
Dyt-desktop.csv,Clicks22,int64,0,0.0,35,0.0,102.0,5.0,36.0,0.0,
Dyt-desktop.csv,Hits22,int64,0,0.0,18,0.0,23.0,4.0,193.0,0.0,
Dyt-desktop.csv,Misses22,int64,0,0.0,31,0.0,79.0,1.0,1314.0,0.0,
Dyt-desktop.csv,Score22,int64,0,0.0,19,0.0,23.0,4.0,193.0,0.0,
Dyt-desktop.csv,Accuracy22,float64,0,0.0,88,0.0,875.0,0.833333,193.0,0.0,
Dyt-desktop.csv,Missrate22,float64,0,0.0,88,0.0,875.0,0.2,1314.0,0.0,
Dyt-desktop.csv,Clicks23,int64,0,0.0,40,0.0,107.0,5.0,53.0,0.0,
Dyt-desktop.csv,Hits23,int64,0,0.0,18,0.0,37.0,3.0,148.0,0.0,
Dyt-desktop.csv,Misses23,int64,0,0.0,36,0.0,89.0,1.0,1302.0,0.0,
Dyt-desktop.csv,Score23,int64,0,0.0,19,0.0,37.0,3.0,148.0,0.0,
Dyt-desktop.csv,Accuracy23,float64,0,0.0,95,0.0,875.0,0.8,148.0,0.0,
Dyt-desktop.csv,Missrate23,float64,0,0.0,95,0.0,875.0,0.2,1302.0,0.0,
Dyt-desktop.csv,Clicks24,int64,0,0.0,59,0.0,92.0,4.0,55.0,0.0,
Dyt-desktop.csv,Hits24,int64,0,0.0,16,0.0,17.0,2.0,596.0,0.0,
Dyt-desktop.csv,Misses24,int64,0,0.0,51,0.0,79.0,1.0,1063.0,0.0,
Dyt-desktop.csv,Score24,int64,0,0.0,16,0.0,17.0,2.0,596.0,0.0,
Dyt-desktop.csv,Accuracy24,float64,0,0.0,113,0.0,875.0,0.5,596.0,0.0,
Dyt-desktop.csv,Missrate24,float64,0,0.0,113,0.0,875.0,0.5,1063.0,0.0,
Dyt-desktop.csv,Clicks25,int64,0,0.0,49,0.0,146.0,5.0,38.0,0.0,
Dyt-desktop.csv,Hits25,int64,0,0.0,24,0.0,57.0,4.0,181.0,0.0,
Dyt-desktop.csv,Misses25,int64,0,0.0,44,0.0,89.0,1.0,800.0,0.0,
Dyt-desktop.csv,Score25,int64,0,0.0,26,0.0,57.0,4.0,181.0,0.0,
Dyt-desktop.csv,Accuracy25,float64,0,0.0,110,0.0,875.0,0.75,181.0,0.0,
Dyt-desktop.csv,Missrate25,float64,0,0.0,110,0.0,875.0,0.285714,800.0,0.0,
Dyt-desktop.csv,Clicks26,int64,0,0.0,34,0.0,105.0,6.0,38.0,0.0,
Dyt-desktop.csv,Hits26,int64,0,0.0,18,0.0,38.0,4.0,175.0,0.0,
Dyt-desktop.csv,Misses26,int64,0,0.0,29,0.0,98.0,1.0,1219.0,0.0,
Dyt-desktop.csv,Score26,int64,0,0.0,22,0.0,38.0,4.0,175.0,0.0,
Dyt-desktop.csv,Accuracy26,float64,0,0.0,109,0.0,875.0,0.75,175.0,0.0,
Dyt-desktop.csv,Missrate26,float64,0,0.0,108,0.0,875.0,0.25,1219.0,0.0,
Dyt-desktop.csv,Clicks27,int64,0,0.0,67,0.0,113.0,6.0,163.0,0.0,
Dyt-desktop.csv,Hits27,int64,0,0.0,16,0.0,17.0,1.0,1129.0,0.0,
Dyt-desktop.csv,Misses27,int64,0,0.0,56,0.0,96.0,1.0,987.0,0.0,
Dyt-desktop.csv,Score27,int64,0,0.0,16,0.0,17.0,1.0,1129.0,0.0,
Dyt-desktop.csv,Accuracy27,float64,0,0.0,127,0.0,625.0,0.133333,1129.0,0.0,
Dyt-desktop.csv,Missrate27,float64,0,0.0,160,0.0,875.0,0.153846,987.0,0.0,
Dyt-desktop.csv,Clicks28,int64,0,0.0,56,0.0,158.0,6.0,39.0,0.0,
Dyt-desktop.csv,Hits28,int64,0,0.0,21,0.0,40.0,2.0,355.0,0.0,
Dyt-desktop.csv,Misses28,int64,0,0.0,46,0.0,142.0,1.0,1529.0,0.0,
Dyt-desktop.csv,Score28,int64,0,0.0,22,0.0,57.0,2.0,355.0,0.0,
Dyt-desktop.csv,Accuracy28,float64,0,0.0,125,0.0,875.0,0.333333,355.0,0.0,
Dyt-desktop.csv,Missrate28,float64,0,0.0,135,0.0,875.0,0.1,1529.0,0.0,
Dyt-desktop.csv,Clicks29,int64,0,0.0,30,0.0,53.0,8.0,42.0,0.0,
Dyt-desktop.csv,Hits29,int64,0,0.0,6,0.0,5.0,1.0,1063.0,0.0,
Dyt-desktop.csv,Misses29,int64,0,0.0,7,0.0,7.0,1.0,660.0,0.0,
Dyt-desktop.csv,Score29,int64,0,0.0,6,0.0,5.0,1.0,1063.0,0.0,
Dyt-desktop.csv,Accuracy29,float64,0,0.0,46,0.0,125.0,0.0769231,1063.0,0.0,
Dyt-desktop.csv,Missrate29,float64,0,0.0,61,0.0,375.0,0.115385,660.0,0.0,
Dyt-desktop.csv,Clicks30,int64,0,0.0,38,0.0,81.0,10.0,67.0,0.0,
Dyt-desktop.csv,Hits30,int64,0,0.0,10,0.0,9.0,1.0,938.0,0.0,
Dyt-desktop.csv,Misses30,int64,0,0.0,35,0.0,73.0,2.0,858.0,0.0,
Dyt-desktop.csv,Score30,int64,0,0.0,11,0.0,16.0,1.0,938.0,0.0,
Dyt-desktop.csv,Accuracy30,float64,0,0.0,65,0.0,875.0,0.117647,938.0,0.0,
Dyt-desktop.csv,Missrate30,float64,0,0.0,79,0.0,875.0,0.176471,858.0,0.0,
Dyt-desktop.csv,Clicks31,int64,0,0.0,106,0.0,430.0,35.0,23.0,0.0,
Dyt-desktop.csv,Hits31,int64,0,0.0,5,0.0,4.0,3.0,466.0,0.0,
Dyt-desktop.csv,Misses31,int64,0,0.0,17,0.0,50.0,1.0,1436.0,0.0,
Dyt-desktop.csv,Score31,int64,0,0.0,14,0.0,48.0,3.0,466.0,0.0,
Dyt-desktop.csv,Accuracy31,float64,0,0.0,166,0.0,125.0,0.0645161,466.0,0.0,
Dyt-desktop.csv,Missrate31,float64,0,0.0,177,0.0,125.0,0.027027,1436.0,0.0,
Dyt-desktop.csv,Clicks32,int64,0,0.0,27,0.0,26.0,17.0,20.0,0.0,
Dyt-desktop.csv,Hits32,int64,0,0.0,5,0.0,4.0,2.0,622.0,0.0,
Dyt-desktop.csv,Misses32,int64,0,0.0,5,0.0,4.0,2.0,327.0,0.0,
Dyt-desktop.csv,Score32,int64,0,0.0,15,0.0,22.0,2.0,622.0,0.0,
Dyt-desktop.csv,Accuracy32,float64,0,0.0,45,0.0,125.0,0.0769231,622.0,0.0,
Dyt-desktop.csv,Missrate32,float64,0,0.0,49,0.0,125.0,0.111111,327.0,0.0,
Dyt-desktop.csv,Dyslexia,object,0,0.0,2,,,,,,0.0
Dyt-tablet.csv,Gender,object,0,0.0,2,,,,,,0.0
Dyt-tablet.csv,Nativelang,object,0,0.0,2,,,,,,0.0
Dyt-tablet.csv,Otherlang,object,0,0.0,2,,,,,,0.0
Dyt-tablet.csv,Age,int64,0,0.0,11,7.0,17.0,10.0,0.0,0.0,
Dyt-tablet.csv,Clicks1,int64,0,0.0,19,0.0,50.0,9.0,14.0,0.0,
Dyt-tablet.csv,Hits1,int64,0,0.0,17,0.0,20.0,8.0,50.0,0.0,
Dyt-tablet.csv,Misses1,int64,0,0.0,14,0.0,30.0,0.0,1234.0,0.0,
Dyt-tablet.csv,Score1,int64,0,0.0,19,0.0,50.0,9.0,14.0,0.0,
Dyt-tablet.csv,Accuracy1,float64,0,0.0,37,0.0,875.0,1.0,50.0,0.0,
Dyt-tablet.csv,Missrate1,float64,0,0.0,37,0.0,375.0,0.0,1234.0,0.0,
Dyt-tablet.csv,Clicks2,int64,0,0.0,25,0.0,42.0,8.0,7.0,0.0,
Dyt-tablet.csv,Hits2,int64,0,0.0,16,0.0,15.0,8.0,47.0,0.0,
Dyt-tablet.csv,Misses2,int64,0,0.0,20,0.0,33.0,0.0,1202.0,0.0,
Dyt-tablet.csv,Score2,int64,0,0.0,25,0.0,42.0,8.0,7.0,0.0,
Dyt-tablet.csv,Accuracy2,float64,0,0.0,34,0.0,875.0,1.0,47.0,0.0,
Dyt-tablet.csv,Missrate2,float64,0,0.0,34,0.0,125.0,0.0,1202.0,0.0,
Dyt-tablet.csv,Clicks3,int64,0,0.0,21,1.0,75.0,6.0,0.0,0.0,
Dyt-tablet.csv,Hits3,int64,0,0.0,14,0.0,13.0,6.0,51.0,0.0,
Dyt-tablet.csv,Misses3,int64,0,0.0,16,0.0,69.0,0.0,1178.0,0.0,
Dyt-tablet.csv,Score3,int64,0,0.0,21,1.0,75.0,6.0,0.0,0.0,
Dyt-tablet.csv,Accuracy3,float64,0,0.0,28,0.0,875.0,1.0,51.0,0.0,
Dyt-tablet.csv,Missrate3,float64,0,0.0,28,0.0,875.0,0.0,1178.0,0.0,
Dyt-tablet.csv,Clicks4,int64,0,0.0,24,0.0,65.0,4.0,9.0,0.0,
Dyt-tablet.csv,Hits4,int64,0,0.0,10,0.0,9.0,3.0,194.0,0.0,
Dyt-tablet.csv,Misses4,int64,0,0.0,20,0.0,61.0,0.0,1041.0,0.0,
Dyt-tablet.csv,Score4,int64,0,0.0,24,0.0,65.0,4.0,9.0,0.0,
Dyt-tablet.csv,Accuracy4,float64,0,0.0,29,0.0,875.0,1.0,194.0,0.0,
Dyt-tablet.csv,Missrate4,float64,0,0.0,29,0.0,875.0,0.0,1041.0,0.0,
Dyt-tablet.csv,Clicks5,int64,0,0.0,24,0.0,43.0,5.0,1.0,0.0,
Dyt-tablet.csv,Hits5,int64,0,0.0,12,0.0,11.0,5.0,98.0,0.0,
Dyt-tablet.csv,Misses5,int64,0,0.0,18,0.0,36.0,0.0,1074.0,0.0,
Dyt-tablet.csv,Score5,int64,0,0.0,24,0.0,43.0,5.0,1.0,0.0,
Dyt-tablet.csv,Accuracy5,float64,0,0.0,35,0.0,875.0,1.0,98.0,0.0,
Dyt-tablet.csv,Missrate5,float64,0,0.0,35,0.0,375.0,0.0,1074.0,0.0,
Dyt-tablet.csv,Clicks6,int64,0,0.0,26,0.0,61.0,4.0,5.0,0.0,
Dyt-tablet.csv,Hits6,int64,0,0.0,12,0.0,11.0,3.0,133.0,0.0,
Dyt-tablet.csv,Misses6,int64,0,0.0,22,0.0,53.0,0.0,707.0,0.0,
Dyt-tablet.csv,Score6,int64,0,0.0,26,0.0,61.0,4.0,5.0,0.0,
Dyt-tablet.csv,Accuracy6,float64,0,0.0,36,0.0,875.0,1.0,133.0,0.0,
Dyt-tablet.csv,Missrate6,float64,0,0.0,36,0.0,375.0,0.0,707.0,0.0,
Dyt-tablet.csv,Clicks7,int64,0,0.0,25,0.0,64.0,5.0,21.0,0.0,
Dyt-tablet.csv,Hits7,int64,0,0.0,13,0.0,47.0,5.0,83.0,0.0,
Dyt-tablet.csv,Misses7,int64,0,0.0,20,0.0,58.0,0.0,1158.0,0.0,
Dyt-tablet.csv,Score7,int64,0,0.0,25,0.0,64.0,5.0,21.0,0.0,
Dyt-tablet.csv,Accuracy7,float64,0,0.0,33,0.0,875.0,1.0,83.0,0.0,
Dyt-tablet.csv,Missrate7,float64,0,0.0,33,0.0,125.0,0.0,1158.0,0.0,
Dyt-tablet.csv,Clicks8,int64,0,0.0,23,0.0,69.0,5.0,1.0,0.0,
Dyt-tablet.csv,Hits8,int64,0,0.0,11,0.0,10.0,4.0,27.0,0.0,
Dyt-tablet.csv,Misses8,int64,0,0.0,22,0.0,60.0,0.0,959.0,0.0,
Dyt-tablet.csv,Score8,int64,0,0.0,23,0.0,69.0,5.0,1.0,0.0,
Dyt-tablet.csv,Accuracy8,float64,0,0.0,37,0.0,875.0,1.0,27.0,0.0,
Dyt-tablet.csv,Missrate8,float64,0,0.0,37,0.0,875.0,0.0,959.0,0.0,
Dyt-tablet.csv,Clicks9,int64,0,0.0,27,0.0,64.0,3.0,6.0,0.0,
Dyt-tablet.csv,Hits9,int64,0,0.0,11,0.0,10.0,2.0,139.0,0.0,
Dyt-tablet.csv,Misses9,int64,0,0.0,26,0.0,58.0,0.0,792.0,0.0,
Dyt-tablet.csv,Score9,int64,0,0.0,27,0.0,64.0,3.0,6.0,0.0,
Dyt-tablet.csv,Accuracy9,float64,0,0.0,33,0.0,625.0,1.0,139.0,0.0,
Dyt-tablet.csv,Missrate9,float64,0,0.0,33,0.0,375.0,0.0,792.0,0.0,
Dyt-tablet.csv,Clicks10,int64,0,0.0,31,0.0,61.0,7.0,3.0,0.0,
Dyt-tablet.csv,Hits10,int64,0,0.0,17,0.0,17.0,6.0,93.0,0.0,
Dyt-tablet.csv,Misses10,int64,0,0.0,24,0.0,44.0,0.0,1029.0,0.0,
Dyt-tablet.csv,Score10,int64,0,0.0,31,0.0,61.0,7.0,3.0,0.0,
Dyt-tablet.csv,Accuracy10,float64,0,0.0,49,0.0,875.0,1.0,93.0,0.0,
Dyt-tablet.csv,Missrate10,float64,0,0.0,49,0.0,875.0,0.0,1029.0,0.0,
Dyt-tablet.csv,Clicks11,int64,0,0.0,26,0.0,63.0,4.0,5.0,0.0,
Dyt-tablet.csv,Hits11,int64,0,0.0,10,0.0,9.0,4.0,88.0,0.0,
Dyt-tablet.csv,Misses11,int64,0,0.0,27,0.0,54.0,0.0,791.0,0.0,
Dyt-tablet.csv,Score11,int64,0,0.0,26,0.0,63.0,4.0,5.0,0.0,
Dyt-tablet.csv,Accuracy11,float64,0,0.0,40,0.0,875.0,1.0,88.0,0.0,
Dyt-tablet.csv,Missrate11,float64,0,0.0,40,0.0,875.0,0.0,791.0,0.0,
Dyt-tablet.csv,Clicks12,int64,0,0.0,26,0.0,58.0,4.0,12.0,0.0,
Dyt-tablet.csv,Hits12,int64,0,0.0,11,0.0,12.0,4.0,49.0,0.0,
Dyt-tablet.csv,Misses12,int64,0,0.0,23,0.0,46.0,0.0,794.0,0.0,
Dyt-tablet.csv,Score12,int64,0,0.0,26,0.0,58.0,4.0,12.0,0.0,
Dyt-tablet.csv,Accuracy12,float64,0,0.0,41,0.0,875.0,1.0,49.0,0.0,
Dyt-tablet.csv,Missrate12,float64,0,0.0,41,0.0,375.0,0.0,794.0,0.0,
Dyt-tablet.csv,Clicks13,float64,327,0.23440860215053763,25,0.0,60.0,5.0,3.0,0.0,
Dyt-tablet.csv,Hits13,float64,327,0.23440860215053763,11,0.0,10.0,4.0,23.0,0.0,
Dyt-tablet.csv,Misses13,float64,327,0.23440860215053763,24,0.0,56.0,1.0,460.0,0.0,
Dyt-tablet.csv,Score13,float64,327,0.23440860215053763,25,0.0,60.0,5.0,3.0,0.0,
Dyt-tablet.csv,Accuracy13,float64,327,0.23440860215053763,40,0.0,875.0,0.83333333333333,23.0,0.0,
Dyt-tablet.csv,Missrate13,float64,327,0.23440860215053763,40,0.0,875.0,0.16666666666667,460.0,0.0,
Dyt-tablet.csv,Clicks14,int64,0,0.0,18,0.0,43.0,8.0,1.0,0.0,
Dyt-tablet.csv,Hits14,int64,0,0.0,14,0.0,13.0,8.0,5.0,0.0,
Dyt-tablet.csv,Misses14,int64,0,0.0,13,0.0,39.0,0.0,1228.0,0.0,
Dyt-tablet.csv,Score14,int64,0,0.0,18,0.0,43.0,8.0,1.0,0.0,
Dyt-tablet.csv,Accuracy14,float64,0,0.0,30,0.0,875.0,1.0,5.0,0.0,
Dyt-tablet.csv,Missrate14,float64,0,0.0,30,0.0,125.0,0.0,1228.0,0.0,
Dyt-tablet.csv,Clicks15,int64,0,0.0,21,0.0,68.0,5.0,15.0,0.0,
Dyt-tablet.csv,Hits15,int64,0,0.0,11,0.0,10.0,4.0,35.0,0.0,
Dyt-tablet.csv,Misses15,int64,0,0.0,16,0.0,68.0,0.0,1236.0,0.0,
Dyt-tablet.csv,Score15,int64,0,0.0,21,0.0,68.0,5.0,15.0,0.0,
Dyt-tablet.csv,Accuracy15,float64,0,0.0,25,0.0,875.0,1.0,35.0,0.0,
Dyt-tablet.csv,Missrate15,float64,0,0.0,25,0.0,125.0,0.0,1236.0,0.0,
Dyt-tablet.csv,Clicks16,int64,0,0.0,18,0.0,50.0,5.0,4.0,0.0,
Dyt-tablet.csv,Hits16,int64,0,0.0,11,0.0,10.0,5.0,5.0,0.0,
Dyt-tablet.csv,Misses16,int64,0,0.0,15,0.0,49.0,0.0,1180.0,0.0,
Dyt-tablet.csv,Score16,int64,0,0.0,18,0.0,50.0,5.0,4.0,0.0,
Dyt-tablet.csv,Accuracy16,float64,0,0.0,30,0.0,875.0,1.0,5.0,0.0,
Dyt-tablet.csv,Missrate16,float64,0,0.0,30,0.0,125.0,0.0,1180.0,0.0,
Dyt-tablet.csv,Clicks17,int64,0,0.0,24,0.0,48.0,4.0,7.0,0.0,
Dyt-tablet.csv,Hits17,int64,0,0.0,11,0.0,10.0,4.0,21.0,0.0,
Dyt-tablet.csv,Misses17,int64,0,0.0,19,0.0,46.0,0.0,1068.0,0.0,
Dyt-tablet.csv,Score17,int64,0,0.0,24,0.0,48.0,4.0,7.0,0.0,
Dyt-tablet.csv,Accuracy17,float64,0,0.0,30,0.0,875.0,1.0,21.0,0.0,
Dyt-tablet.csv,Missrate17,float64,0,0.0,30,0.0,375.0,0.0,1068.0,0.0,
Dyt-tablet.csv,Clicks18,float64,327,0.23440860215053763,24,0.0,56.0,4.0,4.0,0.0,
Dyt-tablet.csv,Hits18,float64,327,0.23440860215053763,11,0.0,10.0,4.0,80.0,0.0,
Dyt-tablet.csv,Misses18,float64,327,0.23440860215053763,28,0.0,53.0,0.0,577.0,0.0,
Dyt-tablet.csv,Score18,float64,327,0.23440860215053763,24,0.0,56.0,4.0,4.0,0.0,
Dyt-tablet.csv,Accuracy18,float64,327,0.23440860215053763,38,0.0,875.0,1.0,80.0,0.0,
Dyt-tablet.csv,Missrate18,float64,327,0.23440860215053763,38,0.0,625.0,0.0,577.0,0.0,
Dyt-tablet.csv,Clicks19,float64,327,0.23440860215053763,29,0.0,54.0,5.0,2.0,0.0,
Dyt-tablet.csv,Hits19,float64,327,0.23440860215053763,10,0.0,9.0,3.0,61.0,0.0,
Dyt-tablet.csv,Misses19,float64,327,0.23440860215053763,28,0.0,46.0,1.0,272.0,0.0,
Dyt-tablet.csv,Score19,float64,327,0.23440860215053763,29,0.0,54.0,5.0,2.0,0.0,
Dyt-tablet.csv,Accuracy19,float64,327,0.23440860215053763,38,0.0,875.0,0.75,61.0,0.0,
Dyt-tablet.csv,Missrate19,float64,327,0.23440860215053763,40,0.0,875.0,0.28571428571429,272.0,0.0,
Dyt-tablet.csv,Clicks20,float64,329,0.23584229390681002,32,0.0,58.0,4.0,5.0,0.0,
Dyt-tablet.csv,Hits20,float64,329,0.23584229390681002,9,0.0,8.0,1.0,241.0,0.0,
Dyt-tablet.csv,Misses20,float64,329,0.23584229390681002,33,0.0,51.0,2.0,116.0,0.0,
Dyt-tablet.csv,Score20,float64,329,0.23584229390681002,32,0.0,58.0,4.0,5.0,0.0,
Dyt-tablet.csv,Accuracy20,float64,327,0.23440860215053763,49,0.0,375.0,0.4,243.0,0.0,
Dyt-tablet.csv,Missrate20,float64,327,0.23440860215053763,49,0.0,875.0,0.6,118.0,0.0,
Dyt-tablet.csv,Clicks21,float64,896,0.6422939068100358,24,0.0,53.0,3.0,4.0,0.0,
Dyt-tablet.csv,Hits21,float64,896,0.6422939068100358,8,0.0,9.0,1.0,119.0,0.0,
Dyt-tablet.csv,Misses21,float64,896,0.6422939068100358,22,0.0,48.0,2.0,93.0,0.0,
Dyt-tablet.csv,Score21,float64,896,0.6422939068100358,24,0.0,53.0,3.0,4.0,0.0,
Dyt-tablet.csv,Accuracy21,float64,896,0.6422939068100358,31,0.0,375.0,0.5,119.0,0.0,
Dyt-tablet.csv,Missrate21,float64,896,0.6422939068100358,31,0.0,875.0,0.5,93.0,0.0,
Dyt-tablet.csv,Clicks22,float64,2,0.0014336917562724014,30,0.0,144.0,5.0,2.0,0.0,
Dyt-tablet.csv,Hits22,float64,2,0.0014336917562724014,23,0.0,37.0,4.0,35.0,0.0,
Dyt-tablet.csv,Misses22,float64,2,0.0014336917562724014,26,0.0,107.0,1.0,428.0,0.0,
Dyt-tablet.csv,Score22,float64,2,0.0014336917562724014,30,0.0,144.0,5.0,2.0,0.0,
Dyt-tablet.csv,Accuracy22,float64,0,0.0,61,0.0,875.0,0.8,37.0,0.0,
Dyt-tablet.csv,Missrate22,float64,0,0.0,61,0.0,875.0,0.2,430.0,0.0,
Dyt-tablet.csv,Clicks23,float64,2,0.0014336917562724014,38,0.0,117.0,6.0,1.0,0.0,
Dyt-tablet.csv,Hits23,float64,2,0.0014336917562724014,20,0.0,31.0,5.0,34.0,0.0,
Dyt-tablet.csv,Misses23,float64,2,0.0014336917562724014,32,0.0,86.0,1.0,516.0,0.0,
Dyt-tablet.csv,Score23,float64,2,0.0014336917562724014,38,0.0,117.0,6.0,1.0,0.0,
Dyt-tablet.csv,Accuracy23,float64,0,0.0,61,0.0,875.0,0.83333333333333,36.0,0.0,
Dyt-tablet.csv,Missrate23,float64,0,0.0,61,0.0,875.0,0.16666666666667,518.0,0.0,
Dyt-tablet.csv,Clicks24,float64,329,0.23584229390681002,37,0.0,84.0,5.0,4.0,0.0,
Dyt-tablet.csv,Hits24,float64,329,0.23584229390681002,17,0.0,21.0,5.0,20.0,0.0,
Dyt-tablet.csv,Misses24,float64,329,0.23584229390681002,31,0.0,70.0,0.0,670.0,0.0,
Dyt-tablet.csv,Score24,float64,329,0.23584229390681002,37,0.0,84.0,5.0,4.0,0.0,
Dyt-tablet.csv,Accuracy24,float64,327,0.23440860215053763,51,0.0,875.0,1.0,22.0,0.0,
Dyt-tablet.csv,Missrate24,float64,327,0.23440860215053763,51,0.0,875.0,0.0,672.0,0.0,
Dyt-tablet.csv,Clicks25,float64,896,0.6422939068100358,23,0.0,60.0,6.0,3.0,0.0,
Dyt-tablet.csv,Hits25,float64,896,0.6422939068100358,12,0.0,12.0,5.0,7.0,0.0,
Dyt-tablet.csv,Misses25,float64,896,0.6422939068100358,19,0.0,49.0,0.0,253.0,0.0,
Dyt-tablet.csv,Score25,float64,896,0.6422939068100358,23,0.0,60.0,6.0,3.0,0.0,
Dyt-tablet.csv,Accuracy25,float64,896,0.6422939068100358,34,0.0,875.0,1.0,7.0,0.0,
Dyt-tablet.csv,Missrate25,float64,896,0.6422939068100358,34,0.0,375.0,0.0,253.0,0.0,
Dyt-tablet.csv,Clicks26,float64,329,0.23584229390681002,32,0.0,150.0,9.0,1.0,0.0,
Dyt-tablet.csv,Hits26,float64,329,0.23584229390681002,20,0.0,22.0,6.0,23.0,0.0,
Dyt-tablet.csv,Misses26,float64,329,0.23584229390681002,23,0.0,133.0,3.0,71.0,0.0,
Dyt-tablet.csv,Score26,float64,329,0.23584229390681002,32,0.0,150.0,9.0,1.0,0.0,
Dyt-tablet.csv,Accuracy26,float64,327,0.23440860215053763,85,0.0,875.0,0.71428571428571,25.0,0.0,
Dyt-tablet.csv,Missrate26,float64,327,0.23440860215053763,86,0.0,875.0,0.33333333333333,73.0,0.0,
Dyt-tablet.csv,Clicks27,float64,329,0.23584229390681002,63,0.0,210.0,34.0,17.0,0.0,
Dyt-tablet.csv,Hits27,float64,329,0.23584229390681002,8,0.0,7.0,2.0,156.0,0.0,
Dyt-tablet.csv,Misses27,float64,329,0.23584229390681002,17,0.0,18.0,1.0,350.0,0.0,
Dyt-tablet.csv,Score27,float64,329,0.23584229390681002,63,0.0,210.0,34.0,17.0,0.0,
Dyt-tablet.csv,Accuracy27,float64,327,0.23440860215053763,82,0.0,75.0,0.0625,158.0,0.0,
Dyt-tablet.csv,Missrate27,float64,327,0.23440860215053763,90,0.0,85.0,0.033333333333333,352.0,0.0,
Dyt-tablet.csv,Clicks28,float64,330,0.23655913978494625,52,0.0,187.0,26.0,2.0,0.0,
Dyt-tablet.csv,Hits28,float64,330,0.23655913978494625,10,0.0,9.0,3.0,66.0,0.0,
Dyt-tablet.csv,Misses28,float64,330,0.23655913978494625,16,0.0,24.0,1.0,375.0,0.0,
Dyt-tablet.csv,Score28,float64,330,0.23655913978494625,52,0.0,187.0,26.0,2.0,0.0,
Dyt-tablet.csv,Accuracy28,float64,327,0.23440860215053763,81,0.0,125.0,0.11538461538462,69.0,0.0,
Dyt-tablet.csv,Missrate28,float64,327,0.23440860215053763,80,0.0,125.0,0.038461538461538,378.0,0.0,
Dyt-tablet.csv,Clicks29,float64,1395,1.0,0,,,,0.0,0.0,
Dyt-tablet.csv,Hits29,float64,1395,1.0,0,,,,0.0,0.0,
Dyt-tablet.csv,Misses29,float64,1395,1.0,0,,,,0.0,0.0,
Dyt-tablet.csv,Score29,float64,1395,1.0,0,,,,0.0,0.0,
Dyt-tablet.csv,Accuracy29,float64,1395,1.0,0,,,,0.0,0.0,
Dyt-tablet.csv,Missrate29,float64,1395,1.0,0,,,,0.0,0.0,
Dyt-tablet.csv,Clicks30,float64,3,0.002150537634408602,20,3.0,23.0,21.0,0.0,0.0,
Dyt-tablet.csv,Hits30,float64,3,0.002150537634408602,5,0.0,4.0,2.0,319.0,0.0,
Dyt-tablet.csv,Misses30,float64,3,0.002150537634408602,5,0.0,4.0,2.0,157.0,0.0,
Dyt-tablet.csv,Score30,float64,3,0.002150537634408602,20,3.0,23.0,21.0,0.0,0.0,
Dyt-tablet.csv,Accuracy30,float64,0,0.0,27,0.0,125.0,0.095238095238095,322.0,0.0,
Dyt-tablet.csv,Missrate30,float64,0,0.0,31,0.0,125.0,0.095238095238095,160.0,0.0,
Dyt-tablet.csv,Clicks31,float64,897,0.6430107526881721,70,25.0,337.0,35.0,0.0,0.0,
Dyt-tablet.csv,Hits31,float64,897,0.6430107526881721,5,0.0,4.0,4.0,5.0,0.0,
Dyt-tablet.csv,Misses31,float64,897,0.6430107526881721,13,0.0,62.0,0.0,258.0,0.0,
Dyt-tablet.csv,Score31,float64,897,0.6430107526881721,70,25.0,337.0,35.0,0.0,0.0,
Dyt-tablet.csv,Accuracy31,float64,896,0.6422939068100358,99,0.0,75.0,0.11428571428571,6.0,0.0,
Dyt-tablet.csv,Missrate31,float64,896,0.6422939068100358,86,0.0,125.0,0.0,259.0,0.0,
Dyt-tablet.csv,Clicks32,float64,897,0.6430107526881721,97,18.0,378.0,45.0,0.0,0.0,
Dyt-tablet.csv,Hits32,float64,897,0.6430107526881721,5,0.0,4.0,3.0,13.0,0.0,
Dyt-tablet.csv,Misses32,float64,897,0.6430107526881721,24,0.0,108.0,6.0,76.0,0.0,
Dyt-tablet.csv,Score32,float64,897,0.6430107526881721,97,18.0,378.0,45.0,0.0,0.0,
Dyt-tablet.csv,Accuracy32,float64,896,0.6422939068100358,147,0.0,125.0,0.0625,14.0,0.0,
Dyt-tablet.csv,Missrate32,float64,896,0.6422939068100358,148,0.0,175.0,0.13333333333333,77.0,0.0,
Dyt-tablet.csv,Dyslexia,object,0,0.0,2,,,,,,0.0
dataset_dgames.csv,diagnosed,int64,0,0.0,2,0.0,1.0,0.0,86.0,0.0,
dataset_dgames.csv,diagnosisdate,int64,0,0.0,9,0.0,2018.0,0.0,85.0,0.0,
dataset_dgames.csv,age,int64,0,0.0,6,7.0,12.0,9.0,0.0,0.0,
dataset_dgames.csv,gender,int64,0,0.0,2,1.0,2.0,1.0,0.0,0.0,
dataset_dgames.csv,lang,int64,0,0.0,3,1.0,3.0,2.0,0.0,0.0,
dataset_dgames.csv,mothertongue,int64,0,0.0,2,0.0,1.0,1.0,12.0,0.0,
dataset_dgames.csv,amountlang,int64,0,0.0,4,1.0,4.0,1.0,0.0,0.0,
dataset_dgames.csv,schoolclass,int64,0,0.0,9,0.0,8.0,3.0,10.0,0.0,
dataset_dgames.csv,contenthearlimitation,int64,0,0.0,4,0.0,3.0,0.0,78.0,0.0,
dataset_dgames.csv,man_feedbackfun,int64,0,0.0,4,0.0,3.0,0.0,78.0,0.0,
dataset_dgames.csv,man_feedbackdifficultlevel,int64,0,0.0,4,0.0,3.0,0.0,110.0,0.0,
dataset_dgames.csv,instrument,int64,0,0.0,3,0.0,2.0,0.0,86.0,0.0,
dataset_dgames.csv,device,int64,0,0.0,3,0.0,2.0,0.0,85.0,0.0,
dataset_dgames.csv,operating_system,int64,0,0.0,4,1.0,4.0,2.0,0.0,0.0,
dataset_dgames.csv,browser,int64,0,0.0,5,0.0,4.0,1.0,49.0,0.0,
dataset_dgames.csv,mus_amountnotunderstood_0,int64,0,0.0,2,0.0,1.0,0.0,133.0,0.0,
dataset_dgames.csv,mus_amountnotunderstood_1,int64,0,0.0,3,0.0,2.0,0.0,134.0,0.0,
dataset_dgames.csv,mus_amountnotunderstood_2,int64,0,0.0,2,0.0,1.0,0.0,135.0,0.0,
dataset_dgames.csv,mus_amountnotunderstood_3,int64,0,0.0,2,0.0,1.0,0.0,127.0,0.0,
dataset_dgames.csv,mus_amountnotunderstood_4,int64,0,0.0,3,0.0,2.0,0.0,134.0,0.0,
dataset_dgames.csv,mus_amountnotunderstood_5,int64,0,0.0,2,0.0,1.0,0.0,134.0,0.0,
dataset_dgames.csv,mus_amountnotunderstood_6,int64,0,0.0,4,0.0,6.0,0.0,129.0,0.0,
dataset_dgames.csv,mus_amountnotunderstood_7,int64,0,0.0,3,0.0,2.0,0.0,131.0,0.0,
dataset_dgames.csv,mus_amountnotunderstood_8,int64,0,0.0,3,0.0,4.0,0.0,132.0,0.0,
dataset_dgames.csv,mus_amountnotunderstood_9,int64,0,0.0,3,0.0,2.0,0.0,124.0,0.0,
dataset_dgames.csv,mus_amountnotunderstood_10,int64,0,0.0,2,0.0,1.0,0.0,134.0,0.0,
dataset_dgames.csv,mus_amountnotunderstood_11,int64,0,0.0,2,0.0,1.0,0.0,131.0,0.0,
dataset_dgames.csv,mus_amountnotunderstood_12,int64,0,0.0,2,0.0,1.0,0.0,127.0,0.0,
dataset_dgames.csv,mus_amountnotunderstood_13,int64,0,0.0,2,0.0,1.0,0.0,124.0,0.0,
dataset_dgames.csv,mus_amountnotunderstood_14,int64,0,0.0,4,0.0,3.0,0.0,125.0,0.0,
dataset_dgames.csv,mus_amountnotunderstood_15,int64,0,0.0,3,0.0,2.0,0.0,134.0,0.0,
dataset_dgames.csv,mus_button_id_0,int64,0,0.0,4,0.0,3.0,2.0,7.0,0.0,
dataset_dgames.csv,mus_button_id_1,int64,0,0.0,4,0.0,3.0,2.0,3.0,0.0,
dataset_dgames.csv,mus_button_id_2,int64,0,0.0,4,0.0,3.0,2.0,2.0,0.0,
dataset_dgames.csv,mus_button_id_3,int64,0,0.0,4,0.0,3.0,2.0,32.0,0.0,
dataset_dgames.csv,mus_button_id_4,int64,0,0.0,4,0.0,3.0,2.0,3.0,0.0,
dataset_dgames.csv,mus_button_id_5,int64,0,0.0,4,0.0,3.0,2.0,3.0,0.0,
dataset_dgames.csv,mus_button_id_6,int64,0,0.0,4,0.0,3.0,2.0,17.0,0.0,
dataset_dgames.csv,mus_button_id_7,int64,0,0.0,4,0.0,3.0,2.0,39.0,0.0,
dataset_dgames.csv,mus_button_id_8,int64,0,0.0,4,0.0,3.0,2.0,13.0,0.0,
dataset_dgames.csv,mus_button_id_9,int64,0,0.0,4,0.0,3.0,1.0,62.0,0.0,
dataset_dgames.csv,mus_button_id_10,int64,0,0.0,4,0.0,3.0,2.0,5.0,0.0,
dataset_dgames.csv,mus_button_id_11,int64,0,0.0,4,0.0,3.0,1.0,50.0,0.0,
dataset_dgames.csv,mus_button_id_12,int64,0,0.0,4,0.0,3.0,1.0,29.0,0.0,
dataset_dgames.csv,mus_button_id_13,int64,0,0.0,4,0.0,3.0,1.0,29.0,0.0,
dataset_dgames.csv,mus_button_id_14,int64,0,0.0,4,0.0,3.0,0.0,74.0,0.0,
dataset_dgames.csv,mus_button_id_15,int64,0,0.0,4,0.0,3.0,2.0,15.0,0.0,
dataset_dgames.csv,mus_element_0,int64,0,0.0,4,0.0,3.0,0.0,120.0,0.0,
dataset_dgames.csv,mus_element_1,int64,0,0.0,4,0.0,3.0,0.0,130.0,0.0,
dataset_dgames.csv,mus_element_2,int64,0,0.0,4,0.0,3.0,0.0,130.0,0.0,
dataset_dgames.csv,mus_element_3,int64,0,0.0,4,0.0,3.0,1.0,68.0,0.0,
dataset_dgames.csv,mus_element_4,int64,0,0.0,4,0.0,3.0,0.0,121.0,0.0,
dataset_dgames.csv,mus_element_5,int64,0,0.0,4,0.0,3.0,0.0,128.0,0.0,
dataset_dgames.csv,mus_element_6,int64,0,0.0,4,0.0,3.0,0.0,110.0,0.0,
dataset_dgames.csv,mus_element_7,int64,0,0.0,4,0.0,3.0,1.0,54.0,0.0,
dataset_dgames.csv,mus_element_8,int64,0,0.0,4,0.0,3.0,0.0,97.0,0.0,
dataset_dgames.csv,mus_element_9,int64,0,0.0,4,0.0,3.0,1.0,35.0,0.0,
dataset_dgames.csv,mus_element_10,int64,0,0.0,4,0.0,3.0,0.0,126.0,0.0,
dataset_dgames.csv,mus_element_11,int64,0,0.0,4,0.0,3.0,1.0,41.0,0.0,
dataset_dgames.csv,mus_element_12,int64,0,0.0,4,0.0,3.0,0.0,83.0,0.0,
dataset_dgames.csv,mus_element_13,int64,0,0.0,4,0.0,3.0,1.0,56.0,0.0,
dataset_dgames.csv,mus_element_14,int64,0,0.0,4,0.0,3.0,1.0,31.0,0.0,
dataset_dgames.csv,mus_element_15,int64,0,0.0,4,0.0,3.0,0.0,101.0,0.0,
dataset_dgames.csv,mus_hits_0,int64,0,0.0,2,0.0,1.0,1.0,17.0,0.0,
dataset_dgames.csv,mus_hits_1,int64,0,0.0,2,0.0,1.0,1.0,7.0,0.0,
dataset_dgames.csv,mus_hits_2,int64,0,0.0,2,0.0,1.0,1.0,6.0,0.0,
dataset_dgames.csv,mus_hits_3,int64,0,0.0,2,0.0,1.0,0.0,69.0,0.0,
dataset_dgames.csv,mus_hits_4,int64,0,0.0,2,0.0,1.0,1.0,16.0,0.0,
dataset_dgames.csv,mus_hits_5,int64,0,0.0,2,0.0,1.0,1.0,9.0,0.0,
dataset_dgames.csv,mus_hits_6,int64,0,0.0,2,0.0,1.0,1.0,27.0,0.0,
dataset_dgames.csv,mus_hits_7,int64,0,0.0,2,0.0,1.0,0.0,83.0,0.0,
dataset_dgames.csv,mus_hits_8,int64,0,0.0,2,0.0,1.0,1.0,40.0,0.0,
dataset_dgames.csv,mus_hits_9,int64,0,0.0,2,0.0,1.0,0.0,102.0,0.0,
dataset_dgames.csv,mus_hits_10,int64,0,0.0,2,0.0,1.0,1.0,11.0,0.0,
dataset_dgames.csv,mus_hits_11,int64,0,0.0,2,0.0,1.0,0.0,96.0,0.0,
dataset_dgames.csv,mus_hits_12,int64,0,0.0,2,0.0,1.0,1.0,54.0,0.0,
dataset_dgames.csv,mus_hits_13,int64,0,0.0,2,0.0,1.0,0.0,81.0,0.0,
dataset_dgames.csv,mus_hits_14,int64,0,0.0,2,0.0,1.0,0.0,106.0,0.0,
dataset_dgames.csv,mus_hits_15,int64,0,0.0,2,0.0,1.0,1.0,36.0,0.0,
dataset_dgames.csv,mus_introtime_0,int64,0,0.0,136,2432.0,68362.0,6615.0,0.0,0.0,
dataset_dgames.csv,mus_introtime_1,int64,0,0.0,136,2646.0,37317.0,5537.0,0.0,0.0,
dataset_dgames.csv,mus_introtime_2,int64,0,0.0,137,2594.0,49787.0,6715.0,0.0,0.0,
dataset_dgames.csv,mus_introtime_3,int64,0,0.0,137,2804.0,89990.0,13057.0,0.0,0.0,
dataset_dgames.csv,mus_introtime_4,int64,0,0.0,136,916.0,32005.0,6043.0,0.0,0.0,
dataset_dgames.csv,mus_introtime_5,int64,0,0.0,136,2359.0,35328.0,6078.0,0.0,0.0,
dataset_dgames.csv,mus_introtime_6,int64,0,0.0,137,2689.0,34163.0,6974.0,0.0,0.0,
dataset_dgames.csv,mus_introtime_7,int64,0,0.0,137,3106.0,59820.0,8784.0,0.0,0.0,
dataset_dgames.csv,mus_introtime_8,int64,0,0.0,137,2390.0,55686.0,6225.0,0.0,0.0,
dataset_dgames.csv,mus_introtime_9,int64,0,0.0,137,2581.0,46166.0,9044.0,0.0,0.0,
dataset_dgames.csv,mus_introtime_10,int64,0,0.0,135,2715.0,89012.0,6354.0,0.0,0.0,
dataset_dgames.csv,mus_introtime_11,int64,0,0.0,137,3821.0,679284.0,8891.0,0.0,0.0,
dataset_dgames.csv,mus_introtime_12,int64,0,0.0,135,3300.0,38317.0,8519.0,0.0,0.0,
dataset_dgames.csv,mus_introtime_13,int64,0,0.0,136,3663.0,53115.0,8419.0,0.0,0.0,
dataset_dgames.csv,mus_introtime_14,int64,0,0.0,134,2788.0,35912.0,6307.0,0.0,0.0,
dataset_dgames.csv,mus_introtime_15,int64,0,0.0,135,3562.0,68286.0,8871.0,0.0,0.0,
dataset_dgames.csv,mus_misses_0,int64,0,0.0,2,0.0,1.0,0.0,120.0,0.0,
dataset_dgames.csv,mus_misses_1,int64,0,0.0,2,0.0,1.0,0.0,130.0,0.0,
dataset_dgames.csv,mus_misses_2,int64,0,0.0,2,0.0,1.0,0.0,130.0,0.0,
dataset_dgames.csv,mus_misses_3,int64,0,0.0,2,0.0,1.0,1.0,68.0,0.0,
dataset_dgames.csv,mus_misses_4,int64,0,0.0,2,0.0,1.0,0.0,121.0,0.0,
dataset_dgames.csv,mus_misses_5,int64,0,0.0,2,0.0,1.0,0.0,128.0,0.0,
dataset_dgames.csv,mus_misses_6,int64,0,0.0,2,0.0,1.0,0.0,110.0,0.0,
dataset_dgames.csv,mus_misses_7,int64,0,0.0,2,0.0,1.0,1.0,54.0,0.0,
dataset_dgames.csv,mus_misses_8,int64,0,0.0,2,0.0,1.0,0.0,97.0,0.0,
dataset_dgames.csv,mus_misses_9,int64,0,0.0,2,0.0,1.0,1.0,35.0,0.0,
dataset_dgames.csv,mus_misses_10,int64,0,0.0,2,0.0,1.0,0.0,126.0,0.0,
dataset_dgames.csv,mus_misses_11,int64,0,0.0,2,0.0,1.0,1.0,41.0,0.0,
dataset_dgames.csv,mus_misses_12,int64,0,0.0,2,0.0,1.0,0.0,83.0,0.0,
dataset_dgames.csv,mus_misses_13,int64,0,0.0,2,0.0,1.0,1.0,56.0,0.0,
dataset_dgames.csv,mus_misses_14,int64,0,0.0,2,0.0,1.0,1.0,31.0,0.0,
dataset_dgames.csv,mus_misses_15,int64,0,0.0,2,0.0,1.0,0.0,101.0,0.0,
dataset_dgames.csv,mus_pressedtargetmelody_0,int64,0,0.0,12,1.0,31.0,2.0,0.0,0.0,
dataset_dgames.csv,mus_pressedtargetmelody_1,int64,0,0.0,6,1.0,7.0,2.0,0.0,0.0,
dataset_dgames.csv,mus_pressedtargetmelody_2,int64,0,0.0,8,1.0,13.0,2.0,0.0,0.0,
dataset_dgames.csv,mus_pressedtargetmelody_3,int64,0,0.0,12,1.0,23.0,1.0,0.0,0.0,
dataset_dgames.csv,mus_pressedtargetmelody_4,int64,0,0.0,11,1.0,21.0,2.0,0.0,0.0,
dataset_dgames.csv,mus_pressedtargetmelody_5,int64,0,0.0,7,1.0,8.0,2.0,0.0,0.0,
dataset_dgames.csv,mus_pressedtargetmelody_6,int64,0,0.0,10,1.0,25.0,2.0,0.0,0.0,
dataset_dgames.csv,mus_pressedtargetmelody_7,int64,0,0.0,9,1.0,11.0,2.0,0.0,0.0,
dataset_dgames.csv,mus_pressedtargetmelody_8,int64,0,0.0,7,1.0,19.0,2.0,0.0,0.0,
dataset_dgames.csv,mus_pressedtargetmelody_9,int64,0,0.0,9,1.0,16.0,2.0,0.0,0.0,
dataset_dgames.csv,mus_pressedtargetmelody_10,int64,0,0.0,8,1.0,57.0,2.0,0.0,0.0,
dataset_dgames.csv,mus_pressedtargetmelody_11,int64,0,0.0,7,1.0,7.0,2.0,0.0,0.0,
dataset_dgames.csv,mus_pressedtargetmelody_12,int64,0,0.0,8,1.0,15.0,2.0,0.0,0.0,
dataset_dgames.csv,mus_pressedtargetmelody_13,int64,0,0.0,9,1.0,29.0,2.0,0.0,0.0,
dataset_dgames.csv,mus_pressedtargetmelody_14,int64,0,0.0,9,1.0,16.0,2.0,0.0,0.0,
dataset_dgames.csv,mus_pressedtargetmelody_15,int64,0,0.0,7,1.0,13.0,1.0,0.0,0.0,
dataset_dgames.csv,mus_sumhits_0,int64,0,0.0,15,0.0,14.0,6.0,4.0,0.0,
dataset_dgames.csv,mus_sumhits_1,int64,0,0.0,15,0.0,16.0,5.0,1.0,0.0,
dataset_dgames.csv,mus_sumhits_2,int64,0,0.0,13,0.0,12.0,6.0,3.0,0.0,
dataset_dgames.csv,mus_sumhits_3,int64,0,0.0,16,0.0,15.0,5.0,4.0,0.0,
dataset_dgames.csv,mus_sumhits_4,int64,0,0.0,13,0.0,12.0,6.0,4.0,0.0,
dataset_dgames.csv,mus_sumhits_5,int64,0,0.0,15,0.0,14.0,5.0,1.0,0.0,
dataset_dgames.csv,mus_sumhits_6,int64,0,0.0,14,0.0,13.0,6.0,2.0,0.0,
dataset_dgames.csv,mus_sumhits_7,int64,0,0.0,15,0.0,14.0,5.0,8.0,0.0,
dataset_dgames.csv,mus_sumhits_8,int64,0,0.0,14,0.0,13.0,5.0,5.0,0.0,
dataset_dgames.csv,mus_sumhits_9,int64,0,0.0,15,0.0,16.0,5.0,14.0,0.0,
dataset_dgames.csv,mus_sumhits_10,int64,0,0.0,14,0.0,13.0,5.0,3.0,0.0,
dataset_dgames.csv,mus_sumhits_11,int64,0,0.0,16,0.0,15.0,5.0,14.0,0.0,
dataset_dgames.csv,mus_sumhits_12,int64,0,0.0,15,0.0,14.0,5.0,8.0,0.0,
dataset_dgames.csv,mus_sumhits_13,int64,0,0.0,15,0.0,14.0,5.0,13.0,0.0,
dataset_dgames.csv,mus_sumhits_14,int64,0,0.0,14,0.0,14.0,5.0,8.0,0.0,
dataset_dgames.csv,mus_sumhits_15,int64,0,0.0,15,0.0,14.0,5.0,8.0,0.0,
dataset_dgames.csv,mus_summisses_0,int64,0,0.0,11,0.0,11.0,2.0,34.0,0.0,
dataset_dgames.csv,mus_summisses_1,int64,0,0.0,11,0.0,10.0,3.0,35.0,0.0,
dataset_dgames.csv,mus_summisses_2,int64,0,0.0,11,0.0,12.0,2.0,38.0,0.0,
dataset_dgames.csv,mus_summisses_3,int64,0,0.0,11,0.0,11.0,3.0,22.0,0.0,
dataset_dgames.csv,mus_summisses_4,int64,0,0.0,10,0.0,12.0,2.0,33.0,0.0,
dataset_dgames.csv,mus_summisses_5,int64,0,0.0,12,0.0,12.0,3.0,26.0,0.0,
dataset_dgames.csv,mus_summisses_6,int64,0,0.0,10,0.0,12.0,2.0,30.0,0.0,
dataset_dgames.csv,mus_summisses_7,int64,0,0.0,12,0.0,14.0,3.0,11.0,0.0,
dataset_dgames.csv,mus_summisses_8,int64,0,0.0,10,0.0,11.0,3.0,25.0,0.0,
dataset_dgames.csv,mus_summisses_9,int64,0,0.0,11,0.0,16.0,3.0,10.0,0.0,
dataset_dgames.csv,mus_summisses_10,int64,0,0.0,10,0.0,9.0,3.0,27.0,0.0,
dataset_dgames.csv,mus_summisses_11,int64,0,0.0,11,0.0,15.0,3.0,6.0,0.0,
dataset_dgames.csv,mus_summisses_12,int64,0,0.0,9,0.0,8.0,3.0,16.0,0.0,
dataset_dgames.csv,mus_summisses_13,int64,0,0.0,11,0.0,13.0,3.0,6.0,0.0,
dataset_dgames.csv,mus_summisses_14,int64,0,0.0,10,0.0,9.0,3.0,6.0,0.0,
dataset_dgames.csv,mus_summisses_15,int64,0,0.0,12,0.0,11.0,3.0,16.0,0.0,
dataset_dgames.csv,mus_thinktime_0,int64,0,0.0,135,17.0,4989.0,854.0,0.0,0.0,
dataset_dgames.csv,mus_thinktime_1,int64,0,0.0,131,14.0,7055.0,787.0,0.0,0.0,
dataset_dgames.csv,mus_thinktime_2,int64,0,0.0,127,39.0,6943.0,785.0,0.0,0.0,
dataset_dgames.csv,mus_thinktime_3,int64,0,0.0,133,0.0,20086.0,985.0,1.0,0.0,
dataset_dgames.csv,mus_thinktime_4,int64,0,0.0,136,0.0,6109.0,871.0,1.0,0.0,
dataset_dgames.csv,mus_thinktime_5,int64,0,0.0,130,32.0,4918.0,810.0,0.0,0.0,
dataset_dgames.csv,mus_thinktime_6,int64,0,0.0,130,30.0,6181.0,853.0,0.0,0.0,
dataset_dgames.csv,mus_thinktime_7,int64,0,0.0,133,95.0,8551.0,869.0,0.0,0.0,
dataset_dgames.csv,mus_thinktime_8,int64,0,0.0,133,39.0,9622.0,799.0,0.0,0.0,
dataset_dgames.csv,mus_thinktime_9,int64,0,0.0,134,85.0,8009.0,986.0,0.0,0.0,
dataset_dgames.csv,mus_thinktime_10,int64,0,0.0,130,8.0,8603.0,769.0,0.0,0.0,
dataset_dgames.csv,mus_thinktime_11,int64,0,0.0,131,5.0,10446.0,849.0,0.0,0.0,
dataset_dgames.csv,mus_thinktime_12,int64,0,0.0,133,55.0,12553.0,792.0,0.0,0.0,
dataset_dgames.csv,mus_thinktime_13,int64,0,0.0,132,15.0,15991.0,1089.0,0.0,0.0,
dataset_dgames.csv,mus_thinktime_14,int64,0,0.0,132,77.0,8172.0,848.0,0.0,0.0,
dataset_dgames.csv,mus_thinktime_15,int64,0,0.0,131,34.0,7609.0,722.0,0.0,0.0,
dataset_dgames.csv,vis_clicktime_five_1_4,int64,0,0.0,122,0.0,4708.0,1729.0,8.0,0.0,
dataset_dgames.csv,vis_clicktime_five_1_9,int64,0,0.0,110,0.0,4193.0,1926.0,25.0,0.0,
dataset_dgames.csv,vis_clicktime_five_2_4,int64,0,0.0,129,0.0,4264.0,1232.0,4.0,0.0,
dataset_dgames.csv,vis_clicktime_five_2_9,int64,0,0.0,131,0.0,4522.0,1381.0,5.0,0.0,
dataset_dgames.csv,vis_clicktime_five_3_4,int64,0,0.0,126,0.0,4310.0,1354.0,8.0,0.0,
dataset_dgames.csv,vis_clicktime_five_3_9,int64,0,0.0,115,0.0,3637.0,1564.0,14.0,0.0,
dataset_dgames.csv,vis_clicktime_five_4_4,int64,0,0.0,117,0.0,4760.0,1609.0,19.0,0.0,
dataset_dgames.csv,vis_clicktime_five_4_9,int64,0,0.0,105,0.0,4854.0,1662.0,30.0,0.0,
dataset_dgames.csv,vis_clicktime_five_5_4,int64,0,0.0,123,0.0,4175.0,1438.0,11.0,0.0,
dataset_dgames.csv,vis_clicktime_five_5_9,int64,0,0.0,119,0.0,4399.0,1537.0,15.0,0.0,
dataset_dgames.csv,vis_clicktime_five_6_4,int64,0,0.0,122,0.0,4687.0,1674.0,9.0,0.0,
dataset_dgames.csv,vis_clicktime_five_6_9,int64,0,0.0,118,0.0,4478.0,1732.0,18.0,0.0,
dataset_dgames.csv,vis_clicktime_five_7_4,int64,0,0.0,116,0.0,4943.0,1598.0,22.0,0.0,
dataset_dgames.csv,vis_clicktime_five_7_9,int64,0,0.0,93,0.0,5512.0,1656.0,43.0,0.0,
dataset_dgames.csv,vis_clicktime_five_8_4,int64,0,0.0,122,0.0,3623.0,1245.0,10.0,0.0,
dataset_dgames.csv,vis_clicktime_five_8_9,int64,0,0.0,127,0.0,4752.0,1471.0,6.0,0.0,
dataset_dgames.csv,vis_clicktime_four_1_4,int64,0,0.0,131,0.0,4944.0,1671.0,3.0,0.0,
dataset_dgames.csv,vis_clicktime_four_1_9,int64,0,0.0,126,0.0,5928.0,1891.0,9.0,0.0,
dataset_dgames.csv,vis_clicktime_four_2_4,int64,0,0.0,133,0.0,3745.0,1260.0,1.0,0.0,
dataset_dgames.csv,vis_clicktime_four_2_9,int64,0,0.0,134,0.0,4393.0,1456.0,3.0,0.0,
dataset_dgames.csv,vis_clicktime_four_3_4,int64,0,0.0,127,0.0,4923.0,1355.0,5.0,0.0,
dataset_dgames.csv,vis_clicktime_four_3_9,int64,0,0.0,127,0.0,5553.0,1690.0,6.0,0.0,
dataset_dgames.csv,vis_clicktime_four_4_4,int64,0,0.0,127,0.0,6010.0,1875.0,8.0,0.0,
dataset_dgames.csv,vis_clicktime_four_4_9,int64,0,0.0,122,0.0,7017.0,2052.0,15.0,0.0,
dataset_dgames.csv,vis_clicktime_four_5_4,int64,0,0.0,127,0.0,7875.0,1453.0,7.0,0.0,
dataset_dgames.csv,vis_clicktime_four_5_9,int64,0,0.0,126,0.0,4903.0,1631.0,8.0,0.0,
dataset_dgames.csv,vis_clicktime_four_6_4,int64,0,0.0,131,0.0,5328.0,1705.0,4.0,0.0,
dataset_dgames.csv,vis_clicktime_four_6_9,int64,0,0.0,126,0.0,7317.0,1931.0,8.0,0.0,
dataset_dgames.csv,vis_clicktime_four_7_4,int64,0,0.0,126,0.0,7175.0,1996.0,10.0,0.0,
dataset_dgames.csv,vis_clicktime_four_7_9,int64,0,0.0,119,0.0,7512.0,1859.0,18.0,0.0,
dataset_dgames.csv,vis_clicktime_four_8_4,int64,0,0.0,126,0.0,4463.0,1321.0,8.0,0.0,
dataset_dgames.csv,vis_clicktime_four_8_9,int64,0,0.0,130,0.0,5254.0,1487.0,2.0,0.0,
dataset_dgames.csv,vis_clicktime_one_1_4,int64,0,0.0,131,824.0,11013.0,1758.0,0.0,0.0,
dataset_dgames.csv,vis_clicktime_one_1_9,int64,0,0.0,132,0.0,7489.0,2135.0,1.0,0.0,
dataset_dgames.csv,vis_clicktime_one_2_4,int64,0,0.0,129,633.0,5269.0,1516.0,0.0,0.0,
dataset_dgames.csv,vis_clicktime_one_2_9,int64,0,0.0,130,190.0,6288.0,1654.0,0.0,0.0,
dataset_dgames.csv,vis_clicktime_one_3_4,int64,0,0.0,135,670.0,10271.0,1559.0,0.0,0.0,
dataset_dgames.csv,vis_clicktime_one_3_9,int64,0,0.0,134,285.0,7542.0,1744.0,0.0,0.0,
dataset_dgames.csv,vis_clicktime_one_4_4,int64,0,0.0,135,0.0,11879.0,1816.0,1.0,0.0,
dataset_dgames.csv,vis_clicktime_one_4_9,int64,0,0.0,132,347.0,8976.0,2184.0,0.0,0.0,
dataset_dgames.csv,vis_clicktime_one_5_4,int64,0,0.0,132,450.0,13932.0,1758.0,0.0,0.0,
dataset_dgames.csv,vis_clicktime_one_5_9,int64,0,0.0,133,630.0,13255.0,1958.0,0.0,0.0,
dataset_dgames.csv,vis_clicktime_one_6_4,int64,0,0.0,133,791.0,10272.0,1700.0,0.0,0.0,
dataset_dgames.csv,vis_clicktime_one_6_9,int64,0,0.0,133,929.0,9668.0,1989.0,0.0,0.0,
dataset_dgames.csv,vis_clicktime_one_7_4,int64,0,0.0,132,846.0,7638.0,2062.0,0.0,0.0,
dataset_dgames.csv,vis_clicktime_one_7_9,int64,0,0.0,134,913.0,9080.0,2600.0,0.0,0.0,
dataset_dgames.csv,vis_clicktime_one_8_4,int64,0,0.0,131,410.0,7813.0,1621.0,0.0,0.0,
dataset_dgames.csv,vis_clicktime_one_8_9,int64,0,0.0,134,655.0,5754.0,1639.0,0.0,0.0,
dataset_dgames.csv,vis_clicktime_six_1_4,int64,0,0.0,111,0.0,6477.0,1433.0,21.0,0.0,
dataset_dgames.csv,vis_clicktime_six_1_9,int64,0,0.0,87,0.0,4320.0,1240.0,50.0,0.0,
dataset_dgames.csv,vis_clicktime_six_2_4,int64,0,0.0,123,0.0,3369.0,1296.0,8.0,0.0,
dataset_dgames.csv,vis_clicktime_six_2_9,int64,0,0.0,123,0.0,4539.0,1299.0,13.0,0.0,
dataset_dgames.csv,vis_clicktime_six_3_4,int64,0,0.0,118,0.0,4971.0,1287.0,16.0,0.0,
dataset_dgames.csv,vis_clicktime_six_3_9,int64,0,0.0,111,0.0,5095.0,1383.0,22.0,0.0,
dataset_dgames.csv,vis_clicktime_six_4_4,int64,0,0.0,102,0.0,4079.0,1473.0,34.0,0.0,
dataset_dgames.csv,vis_clicktime_six_4_9,int64,0,0.0,76,0.0,3711.0,1084.0,58.0,0.0,
dataset_dgames.csv,vis_clicktime_six_5_4,int64,0,0.0,115,0.0,4364.0,1413.0,18.0,0.0,
dataset_dgames.csv,vis_clicktime_six_5_9,int64,0,0.0,104,0.0,3386.0,1469.0,30.0,0.0,
dataset_dgames.csv,vis_clicktime_six_6_4,int64,0,0.0,115,0.0,3588.0,1413.0,19.0,0.0,
dataset_dgames.csv,vis_clicktime_six_6_9,int64,0,0.0,104,0.0,3573.0,1576.0,34.0,0.0,
dataset_dgames.csv,vis_clicktime_six_7_4,int64,0,0.0,90,0.0,3958.0,1364.0,45.0,0.0,
dataset_dgames.csv,vis_clicktime_six_7_9,int64,0,0.0,70,0.0,3463.0,62.0,68.0,0.0,
dataset_dgames.csv,vis_clicktime_six_8_4,int64,0,0.0,119,0.0,3436.0,1262.0,15.0,0.0,
dataset_dgames.csv,vis_clicktime_six_8_9,int64,0,0.0,121,0.0,3651.0,1440.0,15.0,0.0,
dataset_dgames.csv,vis_clicktime_three_1_4,int64,0,0.0,130,0.0,7199.0,1702.0,2.0,0.0,
dataset_dgames.csv,vis_clicktime_three_1_9,int64,0,0.0,130,0.0,5984.0,2063.0,5.0,0.0,
dataset_dgames.csv,vis_clicktime_three_2_4,int64,0,0.0,129,281.0,8862.0,1311.0,0.0,0.0,
dataset_dgames.csv,vis_clicktime_three_2_9,int64,0,0.0,131,0.0,4737.0,1554.0,2.0,0.0,
dataset_dgames.csv,vis_clicktime_three_3_4,int64,0,0.0,132,0.0,6108.0,1427.0,2.0,0.0,
dataset_dgames.csv,vis_clicktime_three_3_9,int64,0,0.0,133,0.0,5156.0,1670.0,4.0,0.0,
dataset_dgames.csv,vis_clicktime_three_4_4,int64,0,0.0,134,0.0,5371.0,1776.0,3.0,0.0,
dataset_dgames.csv,vis_clicktime_three_4_9,int64,0,0.0,127,0.0,6586.0,2036.0,5.0,0.0,
dataset_dgames.csv,vis_clicktime_three_5_4,int64,0,0.0,130,0.0,7957.0,1470.0,3.0,0.0,
dataset_dgames.csv,vis_clicktime_three_5_9,int64,0,0.0,132,0.0,6231.0,1742.0,2.0,0.0,
dataset_dgames.csv,vis_clicktime_three_6_4,int64,0,0.0,134,0.0,5033.0,1613.0,1.0,0.0,
dataset_dgames.csv,vis_clicktime_three_6_9,int64,0,0.0,128,0.0,7247.0,1895.0,2.0,0.0,
dataset_dgames.csv,vis_clicktime_three_7_4,int64,0,0.0,133,0.0,7072.0,2068.0,3.0,0.0,
dataset_dgames.csv,vis_clicktime_three_7_9,int64,0,0.0,127,0.0,6237.0,2031.0,8.0,0.0,
dataset_dgames.csv,vis_clicktime_three_8_4,int64,0,0.0,128,0.0,5297.0,1364.0,4.0,0.0,
dataset_dgames.csv,vis_clicktime_three_8_9,int64,0,0.0,132,400.0,7579.0,1657.0,0.0,0.0,
dataset_dgames.csv,vis_clicktime_two_1_4,int64,0,0.0,134,0.0,7155.0,1688.0,2.0,0.0,
dataset_dgames.csv,vis_clicktime_two_1_9,int64,0,0.0,133,0.0,7764.0,2012.0,2.0,0.0,
dataset_dgames.csv,vis_clicktime_two_2_4,int64,0,0.0,129,172.0,5458.0,1327.0,0.0,0.0,
dataset_dgames.csv,vis_clicktime_two_2_9,int64,0,0.0,129,186.0,6630.0,1469.0,0.0,0.0,
dataset_dgames.csv,vis_clicktime_two_3_4,int64,0,0.0,132,0.0,11234.0,1383.0,1.0,0.0,
dataset_dgames.csv,vis_clicktime_two_3_9,int64,0,0.0,134,0.0,7977.0,1657.0,1.0,0.0,
dataset_dgames.csv,vis_clicktime_two_4_4,int64,0,0.0,131,0.0,6987.0,1893.0,2.0,0.0,
dataset_dgames.csv,vis_clicktime_two_4_9,int64,0,0.0,136,0.0,6987.0,2256.0,1.0,0.0,
dataset_dgames.csv,vis_clicktime_two_5_4,int64,0,0.0,131,0.0,8823.0,1616.0,2.0,0.0,
dataset_dgames.csv,vis_clicktime_two_5_9,int64,0,0.0,127,0.0,6756.0,1784.0,1.0,0.0,
dataset_dgames.csv,vis_clicktime_two_6_4,int64,0,0.0,131,0.0,6687.0,1632.0,1.0,0.0,
dataset_dgames.csv,vis_clicktime_two_6_9,int64,0,0.0,134,210.0,5032.0,1800.0,0.0,0.0,
dataset_dgames.csv,vis_clicktime_two_7_4,int64,0,0.0,133,0.0,8457.0,1927.0,1.0,0.0,
dataset_dgames.csv,vis_clicktime_two_7_9,int64,0,0.0,135,0.0,7086.0,2265.0,1.0,0.0,
dataset_dgames.csv,vis_clicktime_two_8_4,int64,0,0.0,133,0.0,9542.0,1463.0,3.0,0.0,
dataset_dgames.csv,vis_clicktime_two_8_9,int64,0,0.0,131,230.0,6630.0,1597.0,0.0,0.0,
dataset_dgames.csv,vis_distr1_1_4,int64,0,0.0,6,0.0,5.0,0.0,104.0,0.0,
dataset_dgames.csv,vis_distr1_1_9,int64,0,0.0,5,0.0,5.0,0.0,109.0,0.0,
dataset_dgames.csv,vis_distr1_2_4,int64,0,0.0,2,0.0,1.0,0.0,127.0,0.0,
dataset_dgames.csv,vis_distr1_2_9,int64,0,0.0,3,0.0,2.0,0.0,121.0,0.0,
dataset_dgames.csv,vis_distr1_3_4,int64,0,0.0,2,0.0,1.0,0.0,122.0,0.0,
dataset_dgames.csv,vis_distr1_3_9,int64,0,0.0,4,0.0,11.0,0.0,124.0,0.0,
dataset_dgames.csv,vis_distr1_4_4,int64,0,0.0,4,0.0,3.0,0.0,102.0,0.0,
dataset_dgames.csv,vis_distr1_4_9,int64,0,0.0,6,0.0,6.0,0.0,99.0,0.0,
dataset_dgames.csv,vis_distr1_5_4,int64,0,0.0,5,0.0,4.0,0.0,120.0,0.0,
dataset_dgames.csv,vis_distr1_5_9,int64,0,0.0,4,0.0,3.0,0.0,131.0,0.0,
dataset_dgames.csv,vis_distr1_6_4,int64,0,0.0,6,0.0,5.0,0.0,69.0,0.0,
dataset_dgames.csv,vis_distr1_6_9,int64,0,0.0,8,0.0,7.0,0.0,91.0,0.0,
dataset_dgames.csv,vis_distr1_7_4,int64,0,0.0,6,0.0,5.0,0.0,88.0,0.0,
dataset_dgames.csv,vis_distr1_7_9,int64,0,0.0,5,0.0,5.0,0.0,104.0,0.0,
dataset_dgames.csv,vis_distr1_8_4,int64,0,0.0,3,0.0,2.0,0.0,132.0,0.0,
dataset_dgames.csv,vis_distr1_8_9,int64,0,0.0,2,0.0,1.0,0.0,126.0,0.0,
dataset_dgames.csv,vis_distr2_1_4,int64,0,0.0,2,0.0,1.0,0.0,130.0,0.0,
dataset_dgames.csv,vis_distr2_1_9,int64,0,0.0,3,0.0,2.0,0.0,129.0,0.0,
dataset_dgames.csv,vis_distr2_2_4,int64,0,0.0,3,0.0,2.0,0.0,130.0,0.0,
dataset_dgames.csv,vis_distr2_2_9,int64,0,0.0,3,0.0,2.0,0.0,125.0,0.0,
dataset_dgames.csv,vis_distr2_3_4,int64,0,0.0,4,0.0,5.0,0.0,125.0,0.0,
dataset_dgames.csv,vis_distr2_3_9,int64,0,0.0,3,0.0,2.0,0.0,123.0,0.0,
dataset_dgames.csv,vis_distr2_4_4,int64,0,0.0,6,0.0,6.0,0.0,70.0,0.0,
dataset_dgames.csv,vis_distr2_4_9,int64,0,0.0,4,0.0,3.0,0.0,81.0,0.0,
dataset_dgames.csv,vis_distr2_5_4,int64,0,0.0,3,0.0,2.0,0.0,134.0,0.0,
dataset_dgames.csv,vis_distr2_5_9,int64,0,0.0,2,0.0,1.0,0.0,131.0,0.0,
dataset_dgames.csv,vis_distr2_6_4,int64,0,0.0,5,0.0,4.0,0.0,128.0,0.0,
dataset_dgames.csv,vis_distr2_6_9,int64,0,0.0,3,0.0,2.0,0.0,133.0,0.0,
dataset_dgames.csv,vis_distr2_7_4,int64,0,0.0,7,0.0,7.0,0.0,96.0,0.0,
dataset_dgames.csv,vis_distr2_7_9,int64,0,0.0,4,0.0,3.0,0.0,121.0,0.0,
dataset_dgames.csv,vis_distr2_8_4,int64,0,0.0,5,0.0,4.0,0.0,117.0,0.0,
dataset_dgames.csv,vis_distr2_8_9,int64,0,0.0,5,0.0,4.0,0.0,122.0,0.0,
dataset_dgames.csv,vis_distr3_1_4,int64,0,0.0,5,0.0,4.0,0.0,128.0,0.0,
dataset_dgames.csv,vis_distr3_1_9,int64,0,0.0,2,0.0,1.0,0.0,132.0,0.0,
dataset_dgames.csv,vis_distr3_2_4,int64,0,0.0,3,0.0,3.0,0.0,124.0,0.0,
dataset_dgames.csv,vis_distr3_2_9,int64,0,0.0,3,0.0,2.0,0.0,127.0,0.0,
dataset_dgames.csv,vis_distr3_3_4,int64,0,0.0,4,0.0,3.0,0.0,125.0,0.0,
dataset_dgames.csv,vis_distr3_3_9,int64,0,0.0,2,0.0,1.0,0.0,129.0,0.0,
dataset_dgames.csv,vis_distr3_4_4,int64,0,0.0,3,0.0,2.0,0.0,124.0,0.0,
dataset_dgames.csv,vis_distr3_4_9,int64,0,0.0,2,0.0,1.0,0.0,131.0,0.0,
dataset_dgames.csv,vis_distr3_5_4,int64,0,0.0,4,0.0,3.0,0.0,106.0,0.0,
dataset_dgames.csv,vis_distr3_5_9,int64,0,0.0,3,0.0,2.0,0.0,119.0,0.0,
dataset_dgames.csv,vis_distr3_6_4,int64,0,0.0,4,0.0,4.0,0.0,127.0,0.0,
dataset_dgames.csv,vis_distr3_6_9,int64,0,0.0,3,0.0,2.0,0.0,127.0,0.0,
dataset_dgames.csv,vis_distr3_7_4,int64,0,0.0,6,0.0,5.0,0.0,92.0,0.0,
dataset_dgames.csv,vis_distr3_7_9,int64,0,0.0,4,0.0,3.0,0.0,122.0,0.0,
dataset_dgames.csv,vis_distr3_8_4,int64,0,0.0,3,0.0,2.0,0.0,130.0,0.0,
dataset_dgames.csv,vis_distr3_8_9,int64,0,0.0,3,0.0,2.0,0.0,130.0,0.0,
dataset_dgames.csv,vis_efficient_lastclick_hits_1_4,object,0,0.0,136,,,,,,75.0
dataset_dgames.csv,vis_efficient_lastclick_hits_1_9,object,0,0.0,136,,,,,,58.0
dataset_dgames.csv,vis_efficient_lastclick_hits_2_4,object,0,0.0,137,,,,,,82.0
dataset_dgames.csv,vis_efficient_lastclick_hits_2_9,object,0,0.0,137,,,,,,77.0
dataset_dgames.csv,vis_efficient_lastclick_hits_3_4,object,0,0.0,137,,,,,,88.0
dataset_dgames.csv,vis_efficient_lastclick_hits_3_9,object,0,0.0,137,,,,,,71.0
dataset_dgames.csv,vis_efficient_lastclick_hits_4_4,object,0,0.0,135,,,,,,53.0
dataset_dgames.csv,vis_efficient_lastclick_hits_4_9,object,0,0.0,136,,,,,,48.0
dataset_dgames.csv,vis_efficient_lastclick_hits_5_4,object,0,0.0,135,,,,,,75.0
dataset_dgames.csv,vis_efficient_lastclick_hits_5_9,object,0,0.0,136,,,,,,66.0
dataset_dgames.csv,vis_efficient_lastclick_hits_6_4,object,0,0.0,134,,,,,,65.0
dataset_dgames.csv,vis_efficient_lastclick_hits_6_9,object,0,0.0,133,,,,,,62.0
dataset_dgames.csv,vis_efficient_lastclick_hits_7_4,object,0,0.0,122,,,,,,53.0
dataset_dgames.csv,vis_efficient_lastclick_hits_7_9,object,0,0.0,136,,,,,,45.0
dataset_dgames.csv,vis_efficient_lastclick_hits_8_4,object,0,0.0,136,,,,,,85.0
dataset_dgames.csv,vis_efficient_lastclick_hits_8_9,object,0,0.0,137,,,,,,87.0
dataset_dgames.csv,vis_hit_devided_totalclicks_1_4,float64,0,0.0,21,0.0,1.0,1.0,2.0,0.0,
dataset_dgames.csv,vis_hit_devided_totalclicks_1_9,float64,0,0.0,16,0.0,1.0,1.0,2.0,0.0,
dataset_dgames.csv,vis_hit_devided_totalclicks_2_4,float64,0,0.0,15,0.166666667,1.0,1.0,0.0,0.0,
dataset_dgames.csv,vis_hit_devided_totalclicks_2_9,float64,0,0.0,17,0.6,1.0,1.0,0.0,0.0,
dataset_dgames.csv,vis_hit_devided_totalclicks_3_4,float64,0,0.0,19,0.444444444,1.0,1.0,0.0,0.0,
dataset_dgames.csv,vis_hit_devided_totalclicks_3_9,float64,0,0.0,14,0.0,1.0,1.0,1.0,0.0,
dataset_dgames.csv,vis_hit_devided_totalclicks_4_4,float64,0,0.0,26,0.0,1.0,0.857142857,3.0,0.0,
dataset_dgames.csv,vis_hit_devided_totalclicks_4_9,float64,0,0.0,23,0.0,1.0,0.857142857,2.0,0.0,
dataset_dgames.csv,vis_hit_devided_totalclicks_5_4,float64,0,0.0,26,0.0,1.0,1.0,1.0,0.0,
dataset_dgames.csv,vis_hit_devided_totalclicks_5_9,float64,0,0.0,15,0.5,1.0,1.0,0.0,0.0,
dataset_dgames.csv,vis_hit_devided_totalclicks_6_4,float64,0,0.0,28,0.0,1.0,0.909090909,4.0,0.0,
dataset_dgames.csv,vis_hit_devided_totalclicks_6_9,float64,0,0.0,23,0.0,1.0,1.0,4.0,0.0,
dataset_dgames.csv,vis_hit_devided_totalclicks_7_4,float64,0,0.0,26,0.0,1.0,0.857142857,16.0,0.0,
dataset_dgames.csv,vis_hit_devided_totalclicks_7_9,float64,0,0.0,18,0.0,1.0,1.0,2.0,0.0,
dataset_dgames.csv,vis_hit_devided_totalclicks_8_4,float64,0,0.0,17,0.0,1.0,1.0,2.0,0.0,
dataset_dgames.csv,vis_hit_devided_totalclicks_8_9,float64,0,0.0,13,0.428571429,1.0,1.0,0.0,0.0,
dataset_dgames.csv,vis_hits_1_4,int64,0,0.0,15,0.0,16.0,7.0,2.0,0.0,
dataset_dgames.csv,vis_hits_1_9,int64,0,0.0,13,0.0,12.0,6.0,2.0,0.0,
dataset_dgames.csv,vis_hits_2_4,int64,0,0.0,18,1.0,22.0,10.0,0.0,0.0,
dataset_dgames.csv,vis_hits_2_9,int64,0,0.0,17,2.0,18.0,9.0,0.0,0.0,
dataset_dgames.csv,vis_hits_3_4,int64,0,0.0,16,1.0,18.0,9.0,0.0,0.0,
dataset_dgames.csv,vis_hits_3_9,int64,0,0.0,15,0.0,15.0,8.0,1.0,0.0,
dataset_dgames.csv,vis_hits_4_4,int64,0,0.0,13,0.0,12.0,6.0,3.0,0.0,
dataset_dgames.csv,vis_hits_4_9,int64,0,0.0,12,0.0,11.0,5.0,2.0,0.0,
dataset_dgames.csv,vis_hits_5_4,int64,0,0.0,16,0.0,17.0,8.0,1.0,0.0,
dataset_dgames.csv,vis_hits_5_9,int64,0,0.0,14,1.0,14.0,7.0,0.0,0.0,
dataset_dgames.csv,vis_hits_6_4,int64,0,0.0,16,0.0,15.0,7.0,4.0,0.0,
dataset_dgames.csv,vis_hits_6_9,int64,0,0.0,14,0.0,13.0,6.0,4.0,0.0,
dataset_dgames.csv,vis_hits_7_4,int64,0,0.0,14,0.0,13.0,5.0,16.0,0.0,
dataset_dgames.csv,vis_hits_7_9,int64,0,0.0,12,0.0,11.0,5.0,2.0,0.0,
dataset_dgames.csv,vis_hits_8_4,int64,0,0.0,20,0.0,20.0,9.0,2.0,0.0,
dataset_dgames.csv,vis_hits_8_9,int64,0,0.0,15,3.0,18.0,9.0,0.0,0.0,
dataset_dgames.csv,vis_lastclicktime_1_4,int64,0,0.0,131,4054.0,15039.0,14198.0,0.0,0.0,
dataset_dgames.csv,vis_lastclicktime_1_9,int64,0,0.0,133,0.0,15068.0,13925.0,1.0,0.0,
dataset_dgames.csv,vis_lastclicktime_2_4,int64,0,0.0,133,10753.0,15016.0,14322.0,0.0,0.0,
dataset_dgames.csv,vis_lastclicktime_2_9,int64,0,0.0,133,9702.0,15100.0,14315.0,0.0,0.0,
dataset_dgames.csv,vis_lastclicktime_3_4,int64,0,0.0,134,10271.0,15131.0,14162.0,0.0,0.0,
dataset_dgames.csv,vis_lastclicktime_3_9,int64,0,0.0,136,1966.0,15120.0,14010.0,0.0,0.0,
dataset_dgames.csv,vis_lastclicktime_4_4,int64,0,0.0,134,0.0,15070.0,14097.0,1.0,0.0,
dataset_dgames.csv,vis_lastclicktime_4_9,int64,0,0.0,135,8976.0,15077.0,13822.0,0.0,0.0,
dataset_dgames.csv,vis_lastclicktime_5_4,int64,0,0.0,133,11350.0,15040.0,14312.0,0.0,0.0,
dataset_dgames.csv,vis_lastclicktime_5_9,int64,0,0.0,133,7721.0,14969.0,13958.0,0.0,0.0,
dataset_dgames.csv,vis_lastclicktime_6_4,int64,0,0.0,132,6672.0,15137.0,14067.0,0.0,0.0,
dataset_dgames.csv,vis_lastclicktime_6_9,int64,0,0.0,133,3831.0,15014.0,13955.0,0.0,0.0,
dataset_dgames.csv,vis_lastclicktime_7_4,int64,0,0.0,132,7638.0,15414.0,13840.0,0.0,0.0,
dataset_dgames.csv,vis_lastclicktime_7_9,int64,0,0.0,135,7087.0,15133.0,13498.0,0.0,0.0,
dataset_dgames.csv,vis_lastclicktime_8_4,int64,0,0.0,133,2758.0,15694.0,14372.0,0.0,0.0,
dataset_dgames.csv,vis_lastclicktime_8_9,int64,0,0.0,134,11463.0,15144.0,14198.0,0.0,0.0,
dataset_dgames.csv,vis_misses_1_4,int64,0,0.0,7,0.0,6.0,0.0,94.0,0.0,
dataset_dgames.csv,vis_misses_1_9,int64,0,0.0,6,0.0,5.0,0.0,102.0,0.0,
dataset_dgames.csv,vis_misses_2_4,int64,0,0.0,4,0.0,5.0,0.0,111.0,0.0,
dataset_dgames.csv,vis_misses_2_9,int64,0,0.0,5,0.0,4.0,0.0,107.0,0.0,
dataset_dgames.csv,vis_misses_3_4,int64,0,0.0,6,0.0,5.0,0.0,102.0,0.0,
dataset_dgames.csv,vis_misses_3_9,int64,0,0.0,5,0.0,12.0,0.0,111.0,0.0,
dataset_dgames.csv,vis_misses_4_4,int64,0,0.0,7,0.0,8.0,1.0,54.0,0.0,
dataset_dgames.csv,vis_misses_4_9,int64,0,0.0,7,0.0,6.0,1.0,57.0,0.0,
dataset_dgames.csv,vis_misses_5_4,int64,0,0.0,6,0.0,7.0,0.0,98.0,0.0,
dataset_dgames.csv,vis_misses_5_9,int64,0,0.0,5,0.0,4.0,0.0,111.0,0.0,
dataset_dgames.csv,vis_misses_6_4,int64,0,0.0,8,0.0,8.0,1.0,61.0,0.0,
dataset_dgames.csv,vis_misses_6_9,int64,0,0.0,8,0.0,7.0,0.0,82.0,0.0,
dataset_dgames.csv,vis_misses_7_4,int64,0,0.0,10,0.0,9.0,1.0,58.0,0.0,
dataset_dgames.csv,vis_misses_7_9,int64,0,0.0,6,0.0,11.0,0.0,89.0,0.0,
dataset_dgames.csv,vis_misses_8_4,int64,0,0.0,6,0.0,6.0,0.0,109.0,0.0,
dataset_dgames.csv,vis_misses_8_9,int64,0,0.0,6,0.0,5.0,0.0,113.0,0.0,
dataset_dgames.csv,vis_multi_totalclickshits_1_4,int64,0,0.0,35,0.0,256.0,56.0,2.0,0.0,
dataset_dgames.csv,vis_multi_totalclickshits_1_9,int64,0,0.0,26,0.0,144.0,36.0,2.0,0.0,
dataset_dgames.csv,vis_multi_totalclickshits_2_4,int64,0,0.0,31,6.0,528.0,100.0,0.0,0.0,
dataset_dgames.csv,vis_multi_totalclickshits_2_9,int64,0,0.0,34,4.0,342.0,81.0,0.0,0.0,
dataset_dgames.csv,vis_multi_totalclickshits_3_4,int64,0,0.0,33,1.0,342.0,81.0,0.0,0.0,
dataset_dgames.csv,vis_multi_totalclickshits_3_9,int64,0,0.0,29,0.0,225.0,64.0,1.0,0.0,
dataset_dgames.csv,vis_multi_totalclickshits_4_4,int64,0,0.0,41,0.0,168.0,42.0,3.0,0.0,
dataset_dgames.csv,vis_multi_totalclickshits_4_9,int64,0,0.0,34,0.0,143.0,30.0,2.0,0.0,
dataset_dgames.csv,vis_multi_totalclickshits_5_4,int64,0,0.0,42,0.0,306.0,64.0,1.0,0.0,
dataset_dgames.csv,vis_multi_totalclickshits_5_9,int64,0,0.0,29,1.0,196.0,56.0,0.0,0.0,
dataset_dgames.csv,vis_multi_totalclickshits_6_4,int64,0,0.0,39,0.0,255.0,63.0,4.0,0.0,
dataset_dgames.csv,vis_multi_totalclickshits_6_9,int64,0,0.0,37,0.0,169.0,36.0,4.0,0.0,
dataset_dgames.csv,vis_multi_totalclickshits_7_4,int64,0,0.0,38,0.0,182.0,35.0,16.0,0.0,
dataset_dgames.csv,vis_multi_totalclickshits_7_9,int64,0,0.0,31,0.0,121.0,25.0,2.0,0.0,
dataset_dgames.csv,vis_multi_totalclickshits_8_4,int64,0,0.0,35,0.0,400.0,88.0,2.0,0.0,
dataset_dgames.csv,vis_multi_totalclickshits_8_9,int64,0,0.0,28,9.0,324.0,81.0,0.0,0.0,
dataset_dgames.csv,vis_totalclicks_1_4,int64,0,0.0,15,1.0,16.0,8.0,0.0,0.0,
dataset_dgames.csv,vis_totalclicks_1_9,int64,0,0.0,14,0.0,13.0,6.0,1.0,0.0,
dataset_dgames.csv,vis_totalclicks_2_4,int64,0,0.0,17,3.0,24.0,10.0,0.0,0.0,
dataset_dgames.csv,vis_totalclicks_2_9,int64,0,0.0,18,2.0,19.0,9.0,0.0,0.0,
dataset_dgames.csv,vis_totalclicks_3_4,int64,0,0.0,17,1.0,19.0,9.0,0.0,0.0,
dataset_dgames.csv,vis_totalclicks_3_9,int64,0,0.0,14,1.0,15.0,8.0,0.0,0.0,
dataset_dgames.csv,vis_totalclicks_4_4,int64,0,0.0,15,0.0,14.0,7.0,1.0,0.0,
dataset_dgames.csv,vis_totalclicks_4_9,int64,0,0.0,12,1.0,13.0,6.0,0.0,0.0,
dataset_dgames.csv,vis_totalclicks_5_4,int64,0,0.0,17,1.0,18.0,9.0,0.0,0.0,
dataset_dgames.csv,vis_totalclicks_5_9,int64,0,0.0,15,1.0,15.0,8.0,0.0,0.0,
dataset_dgames.csv,vis_totalclicks_6_4,int64,0,0.0,14,1.0,17.0,8.0,0.0,0.0,
dataset_dgames.csv,vis_totalclicks_6_9,int64,0,0.0,12,2.0,13.0,7.0,0.0,0.0,
dataset_dgames.csv,vis_totalclicks_7_4,int64,0,0.0,13,1.0,14.0,7.0,0.0,0.0,
dataset_dgames.csv,vis_totalclicks_7_9,int64,0,0.0,12,1.0,15.0,6.0,0.0,0.0,
dataset_dgames.csv,vis_totalclicks_8_4,int64,0,0.0,19,1.0,20.0,10.0,0.0,0.0,
dataset_dgames.csv,vis_totalclicks_8_9,int64,0,0.0,15,3.0,19.0,9.0,0.0,0.0,
